order	season	zone	orderNumber	group	redCollegeName	redTeamName	blueCollegeName	blueTeamName	redSideWinGameCount	blueSideWinGameCount
842	2018	北部	1	小组赛B	中国地质大学（北京）	LightSaber	北方工业大学	DreamTeam	1	1
843	2018	北部	2	小组赛C	黑河学院	LBT	北京科技大学	Reborn	0	2
844	2018	北部	3	小组赛D	天津商业大学	天商天狼	天津大学	北洋舰队EVO	0	2
845	2018	北部	4	小组赛E	黑龙江大学	Simba	大连交通大学	TOE	0	2
846	2018	北部	5	小组赛F	河北科技大学	Actor&Thinker	北京理工大学	IN2Bots	2	0
847	2018	北部	6	小组赛G	成都工业学院	涉科赛思	华北科技学院	Storms	0	2
848	2018	北部	7	小组赛H	沈阳工业大学	SUT ACE	辽宁工业大学	Roboteam	0	2
849	2018	北部	8	小组赛A	中国石油大学（北京）克拉玛依校区	GS(戈壁之魂)	燕山大学	YSU Eagle	0	2
850	2018	北部	9	小组赛B	中央民族大学	参北斗	华北理工大学	Dig up	1	1
851	2018	北部	10	小组赛C	沈阳建筑大学	简锋机器人	辽宁科技大学	COD	0	2
852	2018	北部	11	小组赛D	重庆理工大学	士继Dreamer	中国石油大学（北京）	SPR	0	2
853	2018	北部	12	小组赛E	东北大学	TDT	沈阳大学	炽天使	2	0
854	2018	北部	13	小组赛F	沈阳航空航天大学	SH黑鹰	哈尔滨工业大学	I Hiter	0	2
855	2018	北部	14	小组赛G	哈尔滨工程大学	创梦之翼	山东科技大学	Smartrobot	0	2
856	2018	北部	15	小组赛H	哈尔滨工业大学（威海）	HERO	河北轨道运输职业技术学院	奇点智联	2	0
857	2018	北部	16	小组赛A	燕山大学	YSU Eagle	防灾科技学院	思玄	2	0
858	2018	北部	17	小组赛B	华北理工大学	Dig up	中国地质大学（北京）	LightSaber	2	0
859	2018	北部	18	小组赛C	辽宁科技大学	COD	黑河学院	LBT	2	0
860	2018	北部	19	小组赛D	中国石油大学（北京）	SPR	天津商业大学	天商天狼	2	0
861	2018	北部	20	小组赛E	沈阳大学	炽天使	黑龙江大学	Simba	2	0
862	2018	北部	21	小组赛F	哈尔滨工业大学	I Hiter	河北科技大学	Actor&Thinker	2	0
863	2018	北部	22	小组赛G	山东科技大学	Smartrobot	成都工业学院	涉科赛思	2	0
864	2018	北部	23	小组赛H	河北轨道运输职业技术学院	奇点智联	沈阳工业大学	SUT ACE	1	1
865	2018	北部	24	小组赛B	北方工业大学	DreamTeam	中央民族大学	参北斗	2	0
866	2018	北部	25	小组赛C	北京科技大学	Reborn	沈阳建筑大学	简锋机器人	2	0
867	2018	北部	26	小组赛D	天津大学	北洋舰队EVO	重庆理工大学	士继Dreamer	2	0
868	2018	北部	27	小组赛E	大连交通大学	TOE	东北大学	TDT	2	0
869	2018	北部	28	小组赛F	北京理工大学	IN2Bots	沈阳航空航天大学	SH黑鹰	1	1
870	2018	北部	29	小组赛G	华北科技学院	Storms	哈尔滨工程大学	创梦之翼	2	0
871	2018	北部	30	小组赛H	辽宁工业大学	Roboteam	哈尔滨工业大学（威海）	HERO	2	0
872	2018	北部	31	小组赛A	防灾科技学院	思玄	中国石油大学（北京）克拉玛依校区	GS(戈壁之魂)	2	0
873	2018	北部	32	小组赛B	中国地质大学（北京）	LightSaber	中央民族大学	参北斗	0	2
874	2018	北部	33	小组赛C	黑河学院	LBT	沈阳建筑大学	简锋机器人	2	0
875	2018	北部	34	小组赛D	天津商业大学	天商天狼	重庆理工大学	士继Dreamer	1	1
876	2018	北部	35	小组赛E	黑龙江大学	Simba	东北大学	TDT	0	2
877	2018	北部	36	小组赛F	河北科技大学	Actor&Thinker	沈阳航空航天大学	SH黑鹰	0	2
878	2018	北部	37	小组赛G	成都工业学院	涉科赛思	哈尔滨工程大学	创梦之翼	1	1
879	2018	北部	38	小组赛H	沈阳工业大学	SUT ACE	哈尔滨工业大学（威海）	HERO	0	2
880	2018	北部	39	小组赛B	华北理工大学	Dig up	北方工业大学	DreamTeam	1	1
881	2018	北部	40	小组赛C	辽宁科技大学	COD	北京科技大学	Reborn	1	1
882	2018	北部	41	小组赛D	中国石油大学（北京）	SPR	天津大学	北洋舰队EVO	2	0
883	2018	北部	42	小组赛E	沈阳大学	炽天使	大连交通大学	TOE	0	2
884	2018	北部	43	小组赛F	哈尔滨工业大学	I Hiter	北京理工大学	IN2Bots	2	0
885	2018	北部	44	小组赛G	山东科技大学	Smartrobot	华北科技学院	Storms	2	0
886	2018	北部	45	小组赛H	河北轨道运输职业技术学院	奇点智联	辽宁工业大学	Roboteam	0	2
887	2018	北部	46	1/8决赛	燕山大学	YSU Eagle	哈尔滨工业大学（威海）	HERO	2	1
888	2018	北部	47	1/8决赛	北方工业大学	DreamTeam	华北科技学院	Storms	2	0
889	2018	北部	48	1/8决赛	北京科技大学	Reborn	沈阳航空航天大学	SH黑鹰	2	0
890	2018	北部	49	1/8决赛	中国石油大学（北京）	SPR	东北大学	TDT	2	1
891	2018	北部	50	1/8决赛	大连交通大学	TOE	天津大学	北洋舰队EVO	2	0
892	2018	北部	51	1/8决赛	哈尔滨工业大学	I Hiter	辽宁科技大学	COD	2	0
893	2018	北部	52	1/8决赛	山东科技大学	Smartrobot	华北理工大学	Dig up	2	1
894	2018	北部	53	1/8决赛	辽宁工业大学	Roboteam	防灾科技学院	思玄	2	0
895	2018	北部	54	1/8决赛-败者组	哈尔滨工业大学（威海）	HERO	天津大学	北洋舰队EVO	1	2
896	2018	北部	55	1/8决赛-败者组	华北科技学院	Storms	辽宁科技大学	COD	2	0
897	2018	北部	56	1/8决赛-败者组	沈阳航空航天大学	SH黑鹰	华北理工大学	Dig up	0	2
898	2018	北部	57	1/8决赛-败者组	东北大学	TDT	防灾科技学院	思玄	2	0
899	2018	北部	58	1/4决赛	燕山大学	YSU Eagle	大连交通大学	TOE	0	2
900	2018	北部	59	1/4决赛	北方工业大学	DreamTeam	哈尔滨工业大学	I Hiter	0	2
901	2018	北部	60	1/4决赛	北京科技大学	Reborn	山东科技大学	Smartrobot	0	2
902	2018	北部	61	1/4决赛	中国石油大学（北京）	SPR	辽宁工业大学	Roboteam	2	0
903	2018	北部	62	1/8决赛-败者组	燕山大学	YSU Eagle	天津大学	北洋舰队EVO	2	1
904	2018	北部	63	1/8决赛-败者组	北方工业大学	DreamTeam	华北科技学院	Storms	2	0
905	2018	北部	64	1/8决赛-败者组	北京科技大学	Reborn	华北理工大学	Dig up	1	2
906	2018	北部	65	1/8决赛-败者组	辽宁工业大学	Roboteam	东北大学	TDT	0	2
907	2018	北部	66	半决赛	大连交通大学	TOE	山东科技大学	Smartrobot	0	2
908	2018	北部	67	半决赛	哈尔滨工业大学	I Hiter	中国石油大学（北京）	SPR	2	0
909	2018	北部	68	季军赛	大连交通大学	TOE	中国石油大学（北京）	SPR	2	3
910	2018	北部	69	决赛	山东科技大学	Smartrobot	哈尔滨工业大学	I Hiter	3	2
911	2018	复活赛	1	小组赛A	南华大学	MA	中国石油大学（华东）	RPS	0	2
912	2018	复活赛	2	小组赛B	重庆大学	Allspark	天津大学	北洋舰队EVO	0	2
913	2018	复活赛	3	小组赛C	桂林电子科技大学	Evolution	华南理工大学广州学院	野狼	1	1
914	2018	复活赛	4	小组赛D	北京科技大学	Reborn	上海交通大学	交龙	1	1
915	2018	复活赛	5	小组赛A	安徽信息工程学院	Artisans	电子科技大学成都学院	微城市V CTIM	0	2
916	2018	复活赛	6	小组赛B	中央民族大学	参北斗	深圳职业技术学院	RCIA	2	0
917	2018	复活赛	7	小组赛C	浙江大学	Hello World	华北科技学院	Storms	0	2
918	2018	复活赛	8	小组赛D	香港大学	HeraKles	东南大学	SUPERNOVA	1	1
919	2018	复活赛	9	小组赛A	电子科技大学成都学院	微城市V CTIM	南华大学	MA	1	1
920	2018	复活赛	10	小组赛B	深圳职业技术学院	RCIA	重庆大学	Allspark	0	2
921	2018	复活赛	11	小组赛C	华北科技学院	Storms	桂林电子科技大学	Evolution	1	1
922	2018	复活赛	12	小组赛D	东南大学	SUPERNOVA	北京科技大学	Reborn	0	2
923	2018	复活赛	13	小组赛A	安徽信息工程学院	Artisans	中国石油大学（华东）	RPS	0	2
924	2018	复活赛	14	小组赛B	中央民族大学	参北斗	天津大学	北洋舰队EVO	2	0
925	2018	复活赛	15	小组赛C	浙江大学	Hello World	华南理工大学广州学院	野狼	2	0
926	2018	复活赛	16	小组赛D	香港大学	HeraKles	上海交通大学	交龙	0	2
927	2018	复活赛	17	小组赛A	南华大学	MA	安徽信息工程学院	Artisans	0	2
928	2018	复活赛	18	小组赛B	重庆大学	Allspark	中央民族大学	参北斗	0	2
929	2018	复活赛	19	小组赛C	桂林电子科技大学	Evolution	浙江大学	Hello World	2	0
930	2018	复活赛	20	小组赛D	北京科技大学	Reborn	香港大学	HeraKles	2	0
931	2018	复活赛	21	小组赛A	中国石油大学（华东）	RPS	电子科技大学成都学院	微城市V CTIM	0	2
932	2018	复活赛	22	小组赛B	天津大学	北洋舰队EVO	深圳职业技术学院	RCIA	2	0
933	2018	复活赛	23	小组赛C	华南理工大学广州学院	野狼	华北科技学院	Storms	0	2
934	2018	复活赛	24	小组赛D	上海交通大学	交龙	东南大学	SUPERNOVA	1	1
935	2018	复活赛	25	8进4	电子科技大学成都学院	微城市V CTIM	天津大学	北洋舰队EVO	2	0
936	2018	复活赛	26	8进4	中国石油大学（华东）	RPS	中央民族大学	参北斗	0	2
937	2018	复活赛	27	8进4	北京科技大学	Reborn	桂林电子科技大学	Evolution	0	2
938	2018	复活赛	28	8进4	上海交通大学	交龙	华北科技学院	Storms	0	2
939	2018	复活赛	29	败者复活第1轮	天津大学	北洋舰队EVO	北京科技大学	Reborn	0	2
940	2018	复活赛	30	败者复活第1轮	中国石油大学（华东）	RPS	上海交通大学	交龙	0	2
941	2018	复活赛	31	胜者4进2	电子科技大学成都学院	微城市V CTIM	桂林电子科技大学	Evolution	0	2
942	2018	复活赛	32	胜者4进2	中央民族大学	参北斗	华北科技学院	Storms	1	2
943	2018	复活赛	33	败者复活第2轮	电子科技大学成都学院	微城市V CTIM	上海交通大学	交龙	1	2
944	2018	复活赛	34	败者复活第2轮	北京科技大学	Reborn	中央民族大学	参北斗	1	2
945	2018	国际	1	小组赛A	福冈联合大学	FUKUOKA NIWAKA	华盛顿大学	ARUW	2	0
946	2018	国际	2	小组赛B	伊利诺伊大学厄巴纳香槟分校	iRM	澳门科技大学	大潭山车队	2	0
947	2018	国际	3	小组赛C	香港大学	HeraKles	普渡大学	BoilerBot	2	0
948	2018	国际	4	小组赛D	PSU&CMU&GTICIST联队	Other Team	弗吉尼亚理工大学	RoboGrinder	1	1
949	2018	国际	5	小组赛A	华盛顿大学	ARUW	加州大学圣地亚哥分校	Triton Robotics	2	0
950	2018	国际	6	小组赛B	澳门科技大学	大潭山车队	香港科技大学	ENTERPRIZE	0	2
951	2018	国际	7	小组赛C	普渡大学	BoilerBot	新加坡南洋理工大学	MECATRON	1	1
952	2018	国际	8	小组赛D	弗吉尼亚理工大学	RoboGrinder	阿尔伯塔大学	Artificial Imbecile	2	0
953	2018	国际	9	小组赛A	加州大学圣地亚哥分校	Triton Robotics	福冈联合大学	FUKUOKA NIWAKA	0	2
954	2018	国际	10	小组赛B	香港科技大学	ENTERPRIZE	伊利诺伊大学厄巴纳香槟分校	iRM	2	0
955	2018	国际	11	小组赛C	新加坡南洋理工大学	MECATRON	香港大学	HeraKles	1	1
956	2018	国际	12	小组赛D	阿尔伯塔大学	Artificial Imbecile	PSU&CMU&GTICIST联队	Other Team	0	2
957	2018	国际	13	8进4	福冈联合大学	FUKUOKA NIWAKA	伊利诺伊大学厄巴纳香槟分校	iRM	2	0
958	2018	国际	14	8进4	华盛顿大学	ARUW	香港科技大学	ENTERPRIZE	0	2
959	2018	国际	15	8进4	弗吉尼亚理工大学	RoboGrinder	新加坡南洋理工大学	MECATRON	2	0
960	2018	国际	16	8进4	PSU&CMU&GTICIST联队	Other Team	香港大学	HeraKles	0	2
961	2018	国际	17	败者复活第1轮	伊利诺伊大学厄巴纳香槟分校	iRM	新加坡南洋理工大学	MECATRON	0	2
962	2018	国际	18	败者复活第1轮	华盛顿大学	ARUW	PSU&CMU&GTICIST联队	Other Team	0	2
963	2018	国际	19	胜者4进2	福冈联合大学	FUKUOKA NIWAKA	弗吉尼亚理工大学	RoboGrinder	2	0
964	2018	国际	20	胜者4进2	香港科技大学	ENTERPRIZE	香港大学	HeraKles	2	0
965	2018	国际	21	败者复活第2轮	弗吉尼亚理工大学	RoboGrinder	PSU&CMU&GTICIST联队	Other Team	2	0
966	2018	国际	22	败者复活第2轮	新加坡南洋理工大学	MECATRON	香港大学	HeraKles	2	0
967	2018	国际	23	复活赛名额争夺战	PSU&CMU&GTICIST联队	Other Team	香港大学	HeraKles	0	2
968	2018	国际	24	季军赛	弗吉尼亚理工大学	RoboGrinder	新加坡南洋理工大学	MECATRON	1	3
969	2018	国际	25	决赛	福冈联合大学	FUKUOKA NIWAKA	香港科技大学	ENTERPRIZE	1	3
970	2018	南部	1	小组赛A	华南农业大学	Riser	贵州师范学院	Jumper	1	1
971	2018	南部	2	小组赛B	厦门大学嘉庚学院&厦门大学漳州校区	海韵机器人	黄冈师范学院	HDR	2	0
972	2018	南部	3	小组赛C	哈尔滨工业大学（深圳）	南工骁鹰	上海第二工业大学	LEGENDARY	1	1
973	2018	南部	4	小组赛D	五邑大学	IMCA	南华大学	MA	0	2
974	2018	南部	5	小组赛E	四川大学	火锅	钦州学院	飞虎	0	2
975	2018	南部	6	小组赛F	南方科技大学	Artinx	重庆大学	Allspark	0	2
976	2018	南部	7	小组赛G	华南理工大学	荣耀 华南虎	中南大学	WinTs	2	0
977	2018	南部	8	小组赛H	佛山科学技术学院	醒狮	湖北汽车工业学院	Huat ARMY	2	0
978	2018	南部	9	小组赛A	东莞理工学院	ACE	深圳职业技术学院	RCIA	0	2
979	2018	南部	10	小组赛B	电子科技大学中山学院	RoboBraver	深圳大学	RobotPilots	0	2
980	2018	南部	11	小组赛C	仲恺农业工程学院	奇点	北京理工大学（珠海）	高巨毅恒	0	2
981	2018	南部	12	小组赛D	广西师范大学	虎师	西交利物浦大学	G Master	2	0
982	2018	南部	13	小组赛E	福建工程学院	万维能电	桂林理工大学	信盈达	2	0
983	2018	南部	14	小组赛F	桂林电子科技大学	Evolution	电子科技大学	荣耀 One Point Five X	1	1
984	2018	南部	15	小组赛G	华南理工大学广州学院	野狼	厦门理工学院	LOT开拓者	2	0
985	2018	南部	16	小组赛H	吉林大学珠海学院	征途	中山大学	逸仙狮	0	2
986	2018	南部	17	小组赛A	深圳职业技术学院	RCIA	华南农业大学	Riser	1	1
987	2018	南部	18	小组赛B	深圳大学	RobotPilots	厦门大学嘉庚学院&厦门大学漳州校区	海韵机器人	2	0
988	2018	南部	19	小组赛C	北京理工大学（珠海）	高巨毅恒	哈尔滨工业大学（深圳）	南工骁鹰	2	0
989	2018	南部	20	小组赛D	西交利物浦大学	G Master	五邑大学	IMCA	0	2
990	2018	南部	21	小组赛E	桂林理工大学	信盈达	四川大学	火锅	1	1
991	2018	南部	22	小组赛F	电子科技大学	荣耀 One Point Five X	南方科技大学	Artinx	2	0
992	2018	南部	23	小组赛G	厦门理工学院	LOT开拓者	华南理工大学	荣耀 华南虎	0	2
993	2018	南部	24	小组赛H	中山大学	逸仙狮	佛山科学技术学院	醒狮	0	2
994	2018	南部	25	小组赛A	贵州师范学院	Jumper	东莞理工学院	ACE	1	1
995	2018	南部	26	小组赛B	黄冈师范学院	HDR	电子科技大学中山学院	RoboBraver	0	2
996	2018	南部	27	小组赛C	上海第二工业大学	LEGENDARY	仲恺农业工程学院	奇点	0	2
997	2018	南部	28	小组赛D	南华大学	MA	广西师范大学	虎师	2	0
998	2018	南部	29	小组赛E	钦州学院	飞虎	福建工程学院	万维能电	1	1
999	2018	南部	30	小组赛F	重庆大学	Allspark	桂林电子科技大学	Evolution	2	0
1000	2018	南部	31	小组赛G	中南大学	WinTs	华南理工大学广州学院	野狼	0	2
1001	2018	南部	32	小组赛H	湖北汽车工业学院	Huat ARMY	吉林大学珠海学院	征途	2	0
1002	2018	南部	33	小组赛A	华南农业大学	Riser	东莞理工学院	ACE	1	1
1003	2018	南部	34	小组赛B	厦门大学嘉庚学院&厦门大学漳州校区	海韵机器人	电子科技大学中山学院	RoboBraver	0	2
1004	2018	南部	35	小组赛C	哈尔滨工业大学（深圳）	南工骁鹰	仲恺农业工程学院	奇点	0	2
1005	2018	南部	36	小组赛D	五邑大学	IMCA	广西师范大学	虎师	0	2
1006	2018	南部	37	小组赛E	四川大学	火锅	福建工程学院	万维能电	0	2
1007	2018	南部	38	小组赛F	南方科技大学	Artinx	桂林电子科技大学	Evolution	0	2
1008	2018	南部	39	小组赛G	华南理工大学	荣耀 华南虎	华南理工大学广州学院	野狼	2	0
1009	2018	南部	40	小组赛H	佛山科学技术学院	醒狮	吉林大学珠海学院	征途	2	0
1010	2018	南部	41	小组赛A	深圳职业技术学院	RCIA	贵州师范学院	Jumper	1	1
1011	2018	南部	42	小组赛B	深圳大学	RobotPilots	黄冈师范学院	HDR	2	0
1012	2018	南部	43	小组赛C	北京理工大学（珠海）	高巨毅恒	上海第二工业大学	LEGENDARY	2	0
1013	2018	南部	44	小组赛D	西交利物浦大学	G Master	南华大学	MA	0	2
1014	2018	南部	45	小组赛E	桂林理工大学	信盈达	钦州学院	飞虎	2	0
1015	2018	南部	46	小组赛F	电子科技大学	荣耀 One Point Five X	重庆大学	Allspark	2	0
1016	2018	南部	47	小组赛G	厦门理工学院	LOT开拓者	中南大学	WinTs	0	2
1017	2018	南部	48	小组赛H	中山大学	逸仙狮	湖北汽车工业学院	Huat ARMY	2	0
1018	2018	南部	49	1/8决赛	深圳职业技术学院	RCIA	中山大学	逸仙狮	2	1
1019	2018	南部	50	1/8决赛	深圳大学	RobotPilots	华南理工大学广州学院	野狼	2	0
1020	2018	南部	51	1/8决赛	北京理工大学（珠海）	高巨毅恒	重庆大学	Allspark	2	0
1021	2018	南部	52	1/8决赛	南华大学	MA	钦州学院	飞虎	0	2
1022	2018	南部	53	1/8决赛	福建工程学院	万维能电	广西师范大学	虎师	2	0
1023	2018	南部	54	1/8决赛	电子科技大学	荣耀 One Point Five X	仲恺农业工程学院	奇点	2	0
1024	2018	南部	55	1/8决赛	华南理工大学	荣耀 华南虎	电子科技大学中山学院	RoboBraver	2	0
1025	2018	南部	56	1/8决赛	佛山科学技术学院	醒狮	贵州师范学院	Jumper	2	0
1026	2018	南部	57	1/8决赛-败者组	中山大学	逸仙狮	广西师范大学	虎师	0	2
1027	2018	南部	58	1/8决赛-败者组	华南理工大学广州学院	野狼	仲恺农业工程学院	奇点	2	0
1028	2018	南部	59	1/8决赛-败者组	重庆大学	Allspark	电子科技大学中山学院	RoboBraver	0	2
1029	2018	南部	60	1/8决赛-败者组	南华大学	MA	贵州师范学院	Jumper	2	0
1030	2018	南部	61	1/4决赛	深圳职业技术学院	RCIA	福建工程学院	万维能电	0	2
1031	2018	南部	62	1/4决赛	深圳大学	RobotPilots	电子科技大学	荣耀 One Point Five X	0	2
1032	2018	南部	63	1/4决赛	北京理工大学（珠海）	高巨毅恒	华南理工大学	荣耀 华南虎	0	2
1033	2018	南部	64	1/4决赛	钦州学院	飞虎	佛山科学技术学院	醒狮	0	2
1034	2018	南部	65	1/8决赛-败者组	深圳职业技术学院	RCIA	广西师范大学	虎师	2	0
1035	2018	南部	66	1/8决赛-败者组	深圳大学	RobotPilots	华南理工大学广州学院	野狼	2	0
1036	2018	南部	67	1/8决赛-败者组	北京理工大学（珠海）	高巨毅恒	电子科技大学中山学院	RoboBraver	2	0
1037	2018	南部	68	1/8决赛-败者组	钦州学院	飞虎	南华大学	MA	0	2
1038	2018	南部	69	9-12名排位赛	广西师范大学	虎师	电子科技大学中山学院	RoboBraver	1	2
1039	2018	南部	70	9-12名排位赛	华南理工大学广州学院	野狼	钦州学院	飞虎	2	0
1040	2018	南部	71	5-8名排位赛	深圳职业技术学院	RCIA	北京理工大学（珠海）	高巨毅恒	0	2
1041	2018	南部	72	5-8名排位赛	深圳大学	RobotPilots	南华大学	MA	2	0
1042	2018	南部	73	9-12名排位赛	电子科技大学中山学院	RoboBraver	华南理工大学广州学院	野狼	0	2
1043	2018	南部	74	半决赛	福建工程学院	万维能电	华南理工大学	荣耀 华南虎	0	2
1044	2018	南部	75	半决赛	电子科技大学	荣耀 One Point Five X	佛山科学技术学院	醒狮	2	0
1045	2018	南部	76	季军赛	福建工程学院	万维能电	佛山科学技术学院	醒狮	1	3
1046	2018	南部	77	决赛	华南理工大学	荣耀 华南虎	电子科技大学	荣耀 One Point Five X	1	3
1047	2018	中部	1	小组赛A	西安理工大学	NEXT E机器人	上海交通大学	交龙	0	2
1048	2018	中部	2	小组赛B	太原理工大学	TRoMaC	云南大学	Future	2	0
1049	2018	中部	3	小组赛C	武汉交通职业学院	霸天虎	内蒙古科技大学	雷霆	0	2
1050	2018	中部	4	小组赛D	东南大学	SUPERNOVA	湘潭大学	Pathfinder	2	0
1051	2018	中部	5	小组赛E	浙江纺织服装职业技术学院	Robofuture	华东师范大学	Riva Lion	2	0
1052	2018	中部	6	小组赛F	中国石油大学（华东）	RPS	宁波大学	FalconAttack	2	0
1053	2018	中部	7	小组赛G	南京航空航天大学	Revolution	东北林业大学	领志科技Ares	0	2
1054	2018	中部	8	小组赛H	同济大学	Super Power	长安大学	CHD	2	0
1055	2018	中部	9	小组赛I	西北农林科技大学	猎隼	南京理工大学	Alliance	0	2
1056	2018	中部	10	小组赛J	中国矿业大学	CUBOT	上海大学	SRM	2	0
1057	2018	中部	11	小组赛K	安徽信息工程学院	Artisans	沈阳理工大学	Ambition	2	0
1058	2018	中部	12	小组赛L	西南民族大学	AmbitiousYounger	西安交通大学	笃行	0	2
1059	2018	中部	13	小组赛M	上海科技大学	Magician	兰州大学	牛大碗	2	0
1060	2018	中部	14	小组赛N	新乡学院	电创	西安文理学院	极端科技	2	0
1061	2018	中部	15	小组赛O	电子科技大学成都学院	微城市V CTIM	华中科技大学	狼牙	1	1
1062	2018	中部	16	小组赛A	集美大学诚毅学院	拉普拉斯	上海交通大学	交龙	0	2
1063	2018	中部	17	小组赛B	上海理工大学	RoboVigor	云南大学	Future	2	0
1064	2018	中部	18	小组赛C	太原工业学院	火线	内蒙古科技大学	雷霆	2	0
1065	2018	中部	19	小组赛D	湖北工业大学	力创RM	湘潭大学	Pathfinder	2	0
1066	2018	中部	20	小组赛E	郑州大学	WG SPARK	华东师范大学	Riva Lion	0	2
1067	2018	中部	21	小组赛F	浙江大学	Hello World	宁波大学	FalconAttack	2	0
1068	2018	中部	22	小组赛G	西北工业大学	WMJ	东北林业大学	领志科技Ares	0	2
1069	2018	中部	23	小组赛H	西安电子科技大学	IRobot	长安大学	CHD	2	0
1070	2018	中部	24	小组赛I	南京航空航天大学金城学院	Born of Fire	南京理工大学	Alliance	0	2
1071	2018	中部	25	小组赛J	重庆电子工程职业学院	Damo	上海大学	SRM	0	2
1072	2018	中部	26	小组赛K	江苏科技大学	HLL	沈阳理工大学	Ambition	1	1
1073	2018	中部	27	小组赛L	哈尔滨理工大学	AIR	西安交通大学	笃行	0	2
1074	2018	中部	28	小组赛M	南昌大学	Passion	兰州大学	牛大碗	2	0
1075	2018	中部	29	小组赛N	太原科技大学	NewMaker	西安文理学院	极端科技	2	0
1076	2018	中部	30	小组赛O	浙江工业大学	盘古SPARK	南京大学	DVa	0	2
1077	2018	中部	31	小组赛O	电子科技大学成都学院	微城市V CTIM	南京大学	DVa	2	0
1078	2018	中部	32	小组赛A	西安理工大学	NEXT E机器人	集美大学诚毅学院	拉普拉斯	2	0
1079	2018	中部	33	小组赛B	太原理工大学	TRoMaC	上海理工大学	RoboVigor	2	0
1080	2018	中部	34	小组赛C	武汉交通职业学院	霸天虎	太原工业学院	火线	0	2
1081	2018	中部	35	小组赛D	东南大学	SUPERNOVA	湖北工业大学	力创RM	2	0
1082	2018	中部	36	小组赛E	浙江纺织服装职业技术学院	Robofuture	郑州大学	WG SPARK	2	0
1083	2018	中部	37	小组赛F	中国石油大学（华东）	RPS	浙江大学	Hello World	1	1
1084	2018	中部	38	小组赛G	南京航空航天大学	Revolution	西北工业大学	WMJ	0	2
1085	2018	中部	39	小组赛H	同济大学	Super Power	西安电子科技大学	IRobot	1	1
1086	2018	中部	40	小组赛I	西北农林科技大学	猎隼	南京航空航天大学金城学院	Born of Fire	2	0
1087	2018	中部	41	小组赛J	中国矿业大学	CUBOT	重庆电子工程职业学院	Damo	2	0
1088	2018	中部	42	小组赛K	安徽信息工程学院	Artisans	江苏科技大学	HLL	2	0
1089	2018	中部	43	小组赛L	西南民族大学	AmbitiousYounger	哈尔滨理工大学	AIR	0	2
1090	2018	中部	44	小组赛M	上海科技大学	Magician	南昌大学	Passion	2	0
1091	2018	中部	45	小组赛N	新乡学院	电创	太原科技大学	NewMaker	0	2
1092	2018	中部	46	小组赛O	电子科技大学成都学院	微城市V CTIM	浙江工业大学	盘古SPARK	2	0
1093	2018	中部	47	小组赛O	浙江工业大学	盘古SPARK	华中科技大学	狼牙	0	2
1094	2018	中部	48	小组赛O	华中科技大学	狼牙	南京大学	DVa	2	0
1095	2018	中部	49	1/8决赛	上海交通大学	交龙	华中科技大学	狼牙	0	2
1096	2018	中部	50	1/8决赛	太原理工大学	TRoMaC	太原科技大学	NewMaker	2	1
1097	2018	中部	51	1/8决赛	太原工业学院	火线	上海科技大学	Magician	2	0
1098	2018	中部	52	1/8决赛	东南大学	SUPERNOVA	西安交通大学	笃行	0	2
1099	2018	中部	53	1/8决赛	浙江纺织服装职业技术学院	Robofuture	安徽信息工程学院	Artisans	2	1
1100	2018	中部	54	1/8决赛	浙江大学	Hello World	中国矿业大学	CUBOT	0	2
1101	2018	中部	55	1/8决赛	东北林业大学	领志科技Ares	南京理工大学	Alliance	2	1
1102	2018	中部	56	1/8决赛	同济大学	Super Power	电子科技大学成都学院	微城市V CTIM	2	1
1103	2018	中部	57	1/8决赛-败者组	上海交通大学	交龙	安徽信息工程学院	Artisans	2	0
1104	2018	中部	58	1/8决赛-败者组	太原科技大学	NewMaker	浙江大学	Hello World	2	0
1105	2018	中部	59	1/8决赛-败者组	上海科技大学	Magician	南京理工大学	Alliance	0	2
1106	2018	中部	60	1/8决赛-败者组	东南大学	SUPERNOVA	电子科技大学成都学院	微城市V CTIM	0	2
1107	2018	中部	61	13-16名排位赛	安徽信息工程学院	Artisans	上海科技大学	Magician	2	0
1108	2018	中部	62	13-16名排位赛	浙江大学	Hello World	东南大学	SUPERNOVA	2	0
1109	2018	中部	63	1/4决赛	华中科技大学	狼牙	浙江纺织服装职业技术学院	Robofuture	2	0
1110	2018	中部	64	1/4决赛	太原理工大学	TRoMaC	中国矿业大学	CUBOT	0	2
1111	2018	中部	65	1/4决赛	太原工业学院	火线	东北林业大学	领志科技Ares	0	2
1112	2018	中部	66	1/4决赛	西安交通大学	笃行	同济大学	Super Power	1	2
1113	2018	中部	67	13-16名排位赛	上海科技大学	Magician	东南大学	SUPERNOVA	0	2
1114	2018	中部	68	1/8决赛-败者组	浙江纺织服装职业技术学院	Robofuture	上海交通大学	交龙	2	0
1115	2018	中部	69	1/8决赛-败者组	太原理工大学	TRoMaC	南京理工大学	Alliance	0	2
1116	2018	中部	70	1/8决赛-败者组	太原工业学院	火线	太原科技大学	NewMaker	1	2
1117	2018	中部	71	1/8决赛-败者组	西安交通大学	笃行	电子科技大学成都学院	微城市V CTIM	2	0
1118	2018	中部	72	9-12名排位赛	上海交通大学	交龙	太原理工大学	TRoMaC	0	2
1119	2018	中部	73	9-12名排位赛	太原工业学院	火线	电子科技大学成都学院	微城市V CTIM	2	0
1120	2018	中部	74	半决赛	华中科技大学	狼牙	东北林业大学	领志科技Ares	0	2
1121	2018	中部	75	半决赛	中国矿业大学	CUBOT	同济大学	Super Power	2	1
1122	2018	中部	76	季军赛	华中科技大学	狼牙	同济大学	Super Power	3	0
1123	2018	中部	77	决赛	东北林业大学	领志科技Ares	中国矿业大学	CUBOT	3	0
1124	2018	总决赛	1	小组赛A	太原科技大学	NewMaker	新加坡南洋理工大学	MECATRON	2	0
1125	2018	总决赛	2	小组赛B	北京理工大学（珠海）	高巨毅恒	东北林业大学	领志科技Ares	1	1
1126	2018	总决赛	3	小组赛C	福建工程学院	万维能电	同济大学	SuperPower	0	2
1127	2018	总决赛	4	小组赛D	浙江纺织服装职业技术学院	Robofuture	东北大学	TDT	0	2
1128	2018	总决赛	5	小组赛E	山东科技大学	SmartRobot	北方工业大学	DreamTeam	1	1
1129	2018	总决赛	6	小组赛F	太原理工大学	TRoMaC	南京理工大学	Alliance	1	1
1130	2018	总决赛	7	小组赛G	大连交通大学	TOE	华中科技大学	狼牙	2	0
1131	2018	总决赛	8	小组赛H	上海交通大学	交龙	中央民族大学	参北斗	0	2
1132	2018	总决赛	9	小组赛A	电子科技大学	One Point Five X	中国石油大学（北京）	SPR	2	0
1133	2018	总决赛	10	小组赛B	华北科技学院	Storms	太原工业学院	火线	1	1
1134	2018	总决赛	11	小组赛C	燕山大学	YSU Eagle	福冈联合大学	FUKUOKA NIWAKA	0	2
1135	2018	总决赛	12	小组赛D	弗吉尼亚理工大学	RoboGrinder	哈尔滨工业大学	l Hiter	0	2
1136	2018	总决赛	13	小组赛E	深圳大学	RobotPilots	西安交通大学	笃行	2	0
1137	2018	总决赛	14	小组赛F	香港科技大学	ENTERPRIZE	华北理工大学	Dig up	2	0
1138	2018	总决赛	15	小组赛G	桂林电子科技大学	Evolution	中国矿业大学	CUBOT	0	2
1139	2018	总决赛	16	小组赛H	佛山科学技术学院	醒狮	华南理工大学	华南虎	0	2
1140	2018	总决赛	17	小组赛A	中国石油大学（北京）	SPR	太原科技大学	NewMaker	1	1
1141	2018	总决赛	18	小组赛B	太原工业学院	火线	北京理工大学（珠海）	高巨毅恒	2	0
1142	2018	总决赛	19	小组赛C	福冈联合大学	FUKUOKA NIWAKA	福建工程学院	万维能电	2	0
1143	2018	总决赛	20	小组赛D	哈尔滨工业大学	l Hiter	浙江纺织服装职业技术学院	Robofuture	1	1
1144	2018	总决赛	21	小组赛E	西安交通大学	笃行	山东科技大学	SmartRobot	0	2
1145	2018	总决赛	22	小组赛F	华北理工大学	Dig up	太原理工大学	TRoMaC	0	2
1146	2018	总决赛	23	小组赛G	中国矿业大学	CUBOT	大连交通大学	TOE	2	0
1147	2018	总决赛	24	小组赛H	华南理工大学	华南虎	上海交通大学	交龙	2	0
1148	2018	总决赛	25	小组赛A	电子科技大学	One Point Five X	新加坡南洋理工大学	MECATRON	2	0
1149	2018	总决赛	26	小组赛B	华北科技学院	Storms	东北林业大学	领志科技Ares	2	0
1150	2018	总决赛	27	小组赛C	燕山大学	YSU Eagle	同济大学	SuperPower	1	1
1151	2018	总决赛	28	小组赛D	弗吉尼亚理工大学	RoboGrinder	东北大学	TDT	0	2
1152	2018	总决赛	29	小组赛E	深圳大学	RobotPilots	北方工业大学	DreamTeam	1	1
1153	2018	总决赛	30	小组赛F	香港科技大学	ENTERPRIZE	南京理工大学	Alliance	0	2
1154	2018	总决赛	31	小组赛G	桂林电子科技大学	Evolution	华中科技大学	狼牙	2	0
1155	2018	总决赛	32	小组赛H	佛山科学技术学院	醒狮	中央民族大学	参北斗	1	1
1156	2018	总决赛	33	小组赛A	太原科技大学	NewMaker	电子科技大学	One Point Five X	0	2
1157	2018	总决赛	34	小组赛B	北京理工大学（珠海）	高巨毅恒	华北科技学院	Storms	1	1
1158	2018	总决赛	35	小组赛C	福建工程学院	万维能电	燕山大学	YSU Eagle	2	0
1159	2018	总决赛	36	小组赛D	浙江纺织服装职业技术学院	Robofuture	弗吉尼亚理工大学	RoboGrinder	2	0
1160	2018	总决赛	37	小组赛E	山东科技大学	SmartRobot	深圳大学	RobotPilots	1	1
1161	2018	总决赛	38	小组赛F	太原理工大学	TRoMaC	香港科技大学	ENTERPRIZE	2	0
1162	2018	总决赛	39	小组赛G	大连交通大学	TOE	桂林电子科技大学	Evolution	2	0
1163	2018	总决赛	40	小组赛H	上海交通大学	交龙	佛山科学技术学院	醒狮	2	0
1164	2018	总决赛	41	小组赛A	新加坡南洋理工大学	MECATRON	中国石油大学（北京）	SPR	0	2
1165	2018	总决赛	42	小组赛B	东北林业大学	领志科技Ares	太原工业学院	火线	0	2
1166	2018	总决赛	43	小组赛C	同济大学	SuperPower	福冈联合大学	FUKUOKA NIWAKA	1	1
1167	2018	总决赛	44	小组赛D	东北大学	TDT	哈尔滨工业大学	l Hiter	0	2
1168	2018	总决赛	45	小组赛E	北方工业大学	DreamTeam	西安交通大学	笃行	2	0
1169	2018	总决赛	46	小组赛F	南京理工大学	Alliance	华北理工大学	Dig up	2	0
1170	2018	总决赛	47	小组赛G	华中科技大学	狼牙	中国矿业大学	CUBOT	0	2
1171	2018	总决赛	48	小组赛H	中央民族大学	参北斗	华南理工大学	华南虎	0	2
1172	2018	总决赛	49	16进8淘汰赛	电子科技大学	One Point Five X	华北科技学院	Storms	2	1
1173	2018	总决赛	50	16进8淘汰赛	东北大学	TDT	福冈联合大学	FUKUOKA NIWAKA	2	0
1174	2018	总决赛	51	16进8淘汰赛	山东科技大学	SmartRobot	南京理工大学	Alliance	2	0
1175	2018	总决赛	52	16进8淘汰赛	中央民族大学	参北斗	中国矿业大学	CUBOT	0	2
1176	2018	总决赛	53	16进8淘汰赛	太原科技大学	NewMaker	太原工业学院	火线	0	2
1177	2018	总决赛	54	16进8淘汰赛	哈尔滨工业大学	l Hiter	同济大学	SuperPower	2	0
1178	2018	总决赛	55	16进8淘汰赛	北方工业大学	DreamTeam	太原理工大学	TRoMaC	2	0
1179	2018	总决赛	56	16进8淘汰赛	华南理工大学	华南虎	大连交通大学	TOE	2	0
1180	2018	总决赛	57	胜者组第一轮•8强争夺赛	电子科技大学	One Point Five X	东北大学	TDT	1	2
1181	2018	总决赛	58	胜者组第一轮•8强争夺赛	山东科技大学	SmartRobot	中国矿业大学	CUBOT	0	2
1182	2018	总决赛	59	胜者组第一轮•8强争夺赛	太原工业学院	火线	哈尔滨工业大学	l Hiter	0	2
1183	2018	总决赛	60	胜者组第一轮•8强争夺赛	北方工业大学	DreamTeam	华南理工大学	华南虎	0	2
1184	2018	总决赛	61	败者组第一轮	华北科技学院	Storms	福冈联合大学	FUKUOKA NIWAKA	2	0
1185	2018	总决赛	62	败者组第一轮	南京理工大学	Alliance	中央民族大学	参北斗	2	0
1186	2018	总决赛	63	败者组第一轮	太原科技大学	NewMaker	同济大学	SuperPower	2	1
1187	2018	总决赛	64	败者组第一轮	太原理工大学	TRoMaC	大连交通大学	TOE	0	2
1188	2018	总决赛	65	败者组第二轮•8强争夺赛	太原工业学院	火线	华北科技学院	Storms	2	0
1189	2018	总决赛	66	败者组第二轮•8强争夺赛	南京理工大学	Alliance	北方工业大学	DreamTeam	0	2
1190	2018	总决赛	67	败者组第二轮•8强争夺赛	电子科技大学	One Point Five X	太原科技大学	NewMaker	2	0
1191	2018	总决赛	68	败者组第二轮•8强争夺赛	大连交通大学	TOE	山东科技大学	SmartRobot	2	0
1192	2018	总决赛	69	胜者组第二轮•4强争夺赛	东北大学	TDT	中国矿业大学	CUBOT	2	0
1193	2018	总决赛	70	胜者组第二轮•4强争夺赛	哈尔滨工业大学	l Hiter	华南理工大学	华南虎	0	2
1194	2018	总决赛	71	败者组第三轮	太原工业学院	火线	北方工业大学	DreamTeam	0	2
1195	2018	总决赛	72	败者组第三轮	电子科技大学	One Point Five X	大连交通大学	TOE	2	1
1196	2018	总决赛	73	败者组第四轮•4强争夺赛	中国矿业大学	CUBOT	北方工业大学	DreamTeam	2	0
1197	2018	总决赛	74	败者组第四轮•4强争夺赛	电子科技大学	One Point Five X	哈尔滨工业大学	l Hiter	0	2
1198	2018	总决赛	75	半决赛	华南理工大学	华南虎	中国矿业大学	CUBOT	3	1
1199	2018	总决赛	76	半决赛	哈尔滨工业大学	l Hiter	东北大学	TDT	2	3
1200	2018	总决赛	77	季军赛	中国矿业大学	CUBOT	哈尔滨工业大学	l Hiter	3	2
1201	2018	总决赛	78	决赛	华南理工大学	华南虎	东北大学	TDT	3	1
1202	2019	北部	1	小组赛A	北方工业大学	DreamTeam	北京科技大学	Reborn	1	1
1203	2019	北部	2	小组赛B	大连交通大学	TOE	燕山大学	燕鹰	2	0
1204	2019	北部	3	小组赛C	东北大学	T-DT	济宁学院	凌云	2	0
1205	2019	北部	4	小组赛D	中国石油大学（北京）	SPR	天津大学	北洋机甲	2	0
1206	2019	北部	5	小组赛E	中央民族大学	参北斗	河北轨道运输职业技术学院	奇点智联	2	0
1207	2019	北部	6	小组赛F	哈尔滨工业大学	斯坦德 I Hiter	郑州大学	WG SPARK	1	1
1208	2019	北部	7	小组赛G	华北科技学院	风暴	北京航空航天大学	Robo_MONSTER	2	0
1209	2019	北部	8	小组赛H	山东科技大学	SmartRobot	哈尔滨理工大学	A.I.R.	2	0
1210	2019	北部	9	小组赛A	河北科技大学	Actor&Thinker	哈尔滨工程大学	创梦之翼	1	1
1211	2019	北部	10	小组赛B	桂林电子科技大学北海校区	Gtinder	沈阳航空航天大学	SH黑鹰	0	2
1212	2019	北部	11	小组赛C	黄冈师范学院	HDR	中科大-哈理工荣成	LVCMOS	2	0
1213	2019	北部	12	小组赛D	潍坊科技学院	AIC	上海科技大学	Magicians	1	1
1214	2019	北部	13	小组赛E	西南交通大学	复兴号	哈尔滨工业大学（威海）	HERO	0	2
1215	2019	北部	14	小组赛F	北京理工大学	追梦	广东交通职业技术学院	晴天	2	0
1216	2019	北部	15	小组赛G	华北理工大学	Horizon	上海大学	SRM	2	0
1217	2019	北部	16	小组赛H	防灾科技学院	思玄	沈阳理工大学	Ambition	1	1
1218	2019	北部	17	小组赛A	哈尔滨工程大学	创梦之翼	北方工业大学	DreamTeam	0	2
1219	2019	北部	18	小组赛B	沈阳航空航天大学	SH黑鹰	大连交通大学	TOE	0	2
1220	2019	北部	19	小组赛C	中科大-哈理工荣成	LVCMOS	东北大学	T-DT	0	2
1221	2019	北部	20	小组赛D	上海科技大学	Magicians	中国石油大学（北京）	SPR	0	2
1222	2019	北部	21	小组赛E	哈尔滨工业大学（威海）	HERO	中央民族大学	参北斗	1	1
1223	2019	北部	22	小组赛F	广东交通职业技术学院	晴天	哈尔滨工业大学	斯坦德 I Hiter	0	2
1224	2019	北部	23	小组赛G	上海大学	SRM	华北科技学院	风暴	0	2
1225	2019	北部	24	小组赛H	沈阳理工大学	Ambition	山东科技大学	SmartRobot	1	1
1226	2019	北部	25	小组赛A	河北科技大学	Actor&Thinker	北京科技大学	Reborn	2	0
1227	2019	北部	26	小组赛B	桂林电子科技大学北海校区	Gtinder	燕山大学	燕鹰	0	2
1228	2019	北部	27	小组赛C	黄冈师范学院	HDR	济宁学院	凌云	0	2
1229	2019	北部	28	小组赛D	潍坊科技学院	AIC	天津大学	北洋机甲	0	2
1230	2019	北部	29	小组赛E	西南交通大学	复兴号	河北轨道运输职业技术学院	奇点智联	0	2
1231	2019	北部	30	小组赛F	北京理工大学	追梦	郑州大学	WG SPARK	2	0
1232	2019	北部	31	小组赛G	华北理工大学	Horizon	北京航空航天大学	Robo_MONSTER	2	0
1233	2019	北部	32	小组赛H	防灾科技学院	思玄	哈尔滨理工大学	A.I.R.	1	1
1234	2019	北部	33	小组赛A	北方工业大学	DreamTeam	河北科技大学	Actor&Thinker	1	1
1235	2019	北部	34	小组赛B	大连交通大学	TOE	桂林电子科技大学北海校区	Gtinder	2	0
1236	2019	北部	35	小组赛C	东北大学	T-DT	黄冈师范学院	HDR	2	0
1237	2019	北部	36	小组赛D	中国石油大学（北京）	SPR	潍坊科技学院	AIC	2	0
1238	2019	北部	37	小组赛E	中央民族大学	参北斗	西南交通大学	复兴号	2	0
1239	2019	北部	38	小组赛F	哈尔滨工业大学	斯坦德 I Hiter	北京理工大学	追梦	2	0
1240	2019	北部	39	小组赛G	华北科技学院	风暴	华北理工大学	Horizon	2	0
1241	2019	北部	40	小组赛H	山东科技大学	SmartRobot	防灾科技学院	思玄	1	1
1242	2019	北部	41	小组赛A	北京科技大学	Reborn	哈尔滨工程大学	创梦之翼	1	1
1243	2019	北部	42	小组赛B	燕山大学	燕鹰	沈阳航空航天大学	SH黑鹰	1	1
1244	2019	北部	43	小组赛C	济宁学院	凌云	中科大-哈理工荣成	LVCMOS	2	0
1245	2019	北部	44	小组赛D	天津大学	北洋机甲	上海科技大学	Magicians	0	2
1246	2019	北部	45	小组赛E	河北轨道运输职业技术学院	奇点智联	哈尔滨工业大学（威海）	HERO	1	1
1247	2019	北部	46	小组赛F	郑州大学	WG SPARK	广东交通职业技术学院	晴天	2	0
1248	2019	北部	47	小组赛G	北京航空航天大学	Robo_MONSTER	上海大学	SRM	0	2
1249	2019	北部	48	小组赛H	哈尔滨理工大学	A.I.R.	沈阳理工大学	Ambition	1	1
1250	2019	北部	49	16进8淘汰赛	北方工业大学	DreamTeam	燕山大学	燕鹰	2	0
1251	2019	北部	50	16进8淘汰赛	上海科技大学	Magicians	东北大学	T-DT	0	2
1252	2019	北部	51	16进8淘汰赛	中央民族大学	参北斗	北京理工大学	追梦	2	0
1253	2019	北部	52	16进8淘汰赛	沈阳理工大学	Ambition	华北科技学院	风暴	0	2
1254	2019	北部	53	16进8淘汰赛	河北科技大学	Actor&Thinker	大连交通大学	TOE	1	2
1255	2019	北部	54	16进8淘汰赛	中国石油大学（北京）	SPR	济宁学院	凌云	2	0
1256	2019	北部	55	16进8淘汰赛	哈尔滨工业大学（威海）	HERO	哈尔滨工业大学	斯坦德 I Hiter	0	2
1257	2019	北部	56	16进8淘汰赛	山东科技大学	SmartRobot	华北理工大学	Horizon	2	0
1258	2019	北部	57	16进8胜者组	北方工业大学	DreamTeam	东北大学	T-DT	1	2
1259	2019	北部	58	16进8胜者组	中央民族大学	参北斗	华北科技学院	风暴	0	2
1260	2019	北部	59	16进8胜者组	大连交通大学	TOE	中国石油大学（北京）	SPR	2	0
1261	2019	北部	60	16进8胜者组	哈尔滨工业大学	斯坦德 I Hiter	山东科技大学	SmartRobot	2	0
1262	2019	北部	61	16进8败者组第一轮	燕山大学	燕鹰	上海科技大学	Magicians	2	0
1263	2019	北部	62	16进8败者组第一轮	北京理工大学	追梦	沈阳理工大学	Ambition	2	1
1264	2019	北部	63	16进8败者组第一轮	河北科技大学	Actor&Thinker	济宁学院	凌云	2	0
1265	2019	北部	64	16进8败者组第一轮	哈尔滨工业大学（威海）	HERO	华北理工大学	Horizon	2	1
1266	2019	北部	65	16进8败者组第二轮	中国石油大学（北京）	SPR	燕山大学	燕鹰	2	0
1267	2019	北部	66	16进8败者组第二轮	北京理工大学	追梦	山东科技大学	SmartRobot	0	2
1268	2019	北部	67	16进8败者组第二轮	北方工业大学	DreamTeam	河北科技大学	Actor&Thinker	0	2
1269	2019	北部	68	16进8败者组第二轮	哈尔滨工业大学（威海）	HERO	中央民族大学	参北斗	2	1
1270	2019	北部	69	8进4淘汰赛	东北大学	T-DT	山东科技大学	SmartRobot	2	0
1271	2019	北部	70	8进4淘汰赛	中国石油大学（北京）	SPR	华北科技学院	风暴	2	0
1272	2019	北部	71	8进4淘汰赛	大连交通大学	TOE	哈尔滨工业大学（威海）	HERO	2	0
1273	2019	北部	72	8进4淘汰赛	河北科技大学	Actor&Thinker	哈尔滨工业大学	斯坦德 I Hiter	0	2
1274	2019	北部	73	复活赛名额争夺赛	上海科技大学	Magicians	沈阳理工大学	Ambition	0	2
1275	2019	北部	74	复活赛名额争夺赛	济宁学院	凌云	华北理工大学	Horizon	0	2
1276	2019	北部	75	16进8败者组第三轮	燕山大学	燕鹰	北京理工大学	追梦	1	2
1277	2019	北部	76	16进8败者组第三轮	北方工业大学	DreamTeam	中央民族大学	参北斗	2	0
1278	2019	北部	77	半决赛	东北大学	T-DT	中国石油大学（北京）	SPR	2	1
1279	2019	北部	78	半决赛	大连交通大学	TOE	哈尔滨工业大学	斯坦德 I Hiter	0	2
1280	2019	北部	79	复活赛名额争夺赛	沈阳理工大学	Ambition	华北理工大学	Horizon	0	2
1281	2019	北部	80	总决赛名额争夺赛	北京理工大学	追梦	北方工业大学	DreamTeam	0	2
1282	2019	北部	81	季军赛	中国石油大学（北京）	SPR	大连交通大学	TOE	0	3
1283	2019	北部	82	决赛	东北大学	T-DT	哈尔滨工业大学	斯坦德 I Hiter	3	1
1284	2019	复活赛	1	小组赛A	浙江纺织服装职业技术学院	Robofuture	燕山大学	燕鹰	2	0
1285	2019	复活赛	2	小组赛B	西南民族大学	AmbitiousYounger	哈尔滨工程大学	创梦之翼	1	1
1286	2019	复活赛	3	小组赛C	华北理工大学	Horizon	浙江大学	Hello World	1	1
1287	2019	复活赛	4	小组赛D	东北林业大学	领志科技Ares	佛山科学技术学院	醒狮	0	2
1288	2019	复活赛	5	小组赛A	西安交通大学	速加网笃行	中央民族大学	参北斗	2	0
1289	2019	复活赛	6	小组赛B	四川大学	新日成_火锅	东南大学	ForwardUntoDawn	1	1
1290	2019	复活赛	7	小组赛C	西北农林科技大学	猎隼	电子科技大学	One Point Five	0	2
1291	2019	复活赛	8	小组赛D	北京理工大学	追梦	太原理工大学	TRoMaC	2	0
1292	2019	复活赛	9	小组赛A	中央民族大学	参北斗	浙江纺织服装职业技术学院	Robofuture	0	2
1293	2019	复活赛	10	小组赛B	东南大学	ForwardUntoDawn	西南民族大学	AmbitiousYounger	2	0
1294	2019	复活赛	11	小组赛C	浙江大学	Hello World	西北农林科技大学	猎隼	2	0
1295	2019	复活赛	12	小组赛D	佛山科学技术学院	醒狮	北京理工大学	追梦	1	1
1296	2019	复活赛	13	小组赛A	西安交通大学	速加网笃行	燕山大学	燕鹰	2	0
1297	2019	复活赛	14	小组赛B	四川大学	新日成_火锅	哈尔滨工程大学	创梦之翼	0	2
1298	2019	复活赛	15	小组赛C	华北理工大学	Horizon	电子科技大学	One Point Five	0	2
1299	2019	复活赛	16	小组赛D	东北林业大学	领志科技Ares	太原理工大学	TRoMaC	2	0
1300	2019	复活赛	17	小组赛A	浙江纺织服装职业技术学院	Robofuture	西安交通大学	速加网笃行	0	2
1301	2019	复活赛	18	小组赛B	西南民族大学	AmbitiousYounger	四川大学	新日成_火锅	0	2
1302	2019	复活赛	19	小组赛C	电子科技大学	One Point Five	浙江大学	Hello World	2	0
1303	2019	复活赛	20	小组赛D	太原理工大学	TRoMaC	佛山科学技术学院	醒狮	1	1
1304	2019	复活赛	21	小组赛A	燕山大学	燕鹰	中央民族大学	参北斗	0	2
1305	2019	复活赛	22	小组赛B	哈尔滨工程大学	创梦之翼	东南大学	ForwardUntoDawn	2	0
1306	2019	复活赛	23	小组赛C	西北农林科技大学	猎隼	华北理工大学	Horizon	0	2
1307	2019	复活赛	24	小组赛D	北京理工大学	追梦	东北林业大学	领志科技Ares	0	2
1308	2019	复活赛	25	8进4淘汰赛	西安交通大学	速加网笃行	东南大学	ForwardUntoDawn	2	0
1309	2019	复活赛	26	8进4淘汰赛	浙江纺织服装职业技术学院	Robofuture	哈尔滨工程大学	创梦之翼	2	0
1310	2019	复活赛	27	8进4淘汰赛	东北林业大学	领志科技Ares	华北理工大学	Horizon	1	2
1311	2019	复活赛	28	8进4淘汰赛	佛山科学技术学院	醒狮	电子科技大学	One Point Five	0	2
1312	2019	复活赛	29	败者组第一轮	东南大学	ForwardUntoDawn	东北林业大学	领志科技Ares	1	2
1313	2019	复活赛	30	败者组第一轮	哈尔滨工程大学	创梦之翼	佛山科学技术学院	醒狮	2	1
1314	2019	复活赛	31	4进2	西安交通大学	速加网笃行	华北理工大学	Horizon	2	0
1315	2019	复活赛	32	4进2	浙江纺织服装职业技术学院	Robofuture	电子科技大学	One Point Five	0	2
1316	2019	复活赛	33	败者组第二轮	华北理工大学	Horizon	哈尔滨工程大学	创梦之翼	2	0
1317	2019	复活赛	34	败者组第二轮	东北林业大学	领志科技Ares	浙江纺织服装职业技术学院	Robofuture	0	2
1318	2019	国际	1	小组赛A	弗吉尼亚理工大学	RoboGrinder	华盛顿大学	ARUW	2	0
1319	2019	国际	2	小组赛B	香港科技大学	ENTERPRIZE	德州农工大学	Texas aimbot	2	0
1320	2019	国际	3	小组赛C	加州大学圣地亚哥分校	加州大学TR	福冈联合大学	Fukuoka Niwaka	0	2
1321	2019	国际	4	小组赛D	宁波诺丁汉大学	甬造坊	粤台&中正	Kinetic	0	2
1322	2019	国际	5	小组赛D	西交利物浦大学&University of Liverpool	GMaster	麦克马斯特大学	MacFalcons	2	0
1323	2019	国际	6	小组赛A	俄亥俄州立大学	Vindicator	普渡大学	BoilerBot	2	0
1324	2019	国际	7	小组赛B	上海理工大学中英国际学院	RoboVigor	罗斯霍曼理工学院	Rosebotics	2	0
1325	2019	国际	8	小组赛C	女王大学	女王骑士团	香港大学	HerKules	2	0
1326	2019	国际	9	小组赛D	西交利物浦大学&University of Liverpool	GMaster	浙大UIUC联队	Meta	0	2
1327	2019	国际	10	小组赛D	麦克马斯特大学	MacFalcons	粤台&中正	Kinetic	0	2
1328	2019	国际	11	小组赛A	普渡大学	BoilerBot	弗吉尼亚理工大学	RoboGrinder	0	2
1329	2019	国际	12	小组赛B	罗斯霍曼理工学院	Rosebotics	香港科技大学	ENTERPRIZE	0	2
1330	2019	国际	13	小组赛C	福冈联合大学	Fukuoka Niwaka	女王大学	女王骑士团	1	1
1331	2019	国际	14	小组赛D	粤台&中正	Kinetic	西交利物浦大学&University of Liverpool	GMaster	2	0
1332	2019	国际	15	小组赛A	俄亥俄州立大学	Vindicator	华盛顿大学	ARUW	0	2
1333	2019	国际	16	小组赛B	上海理工大学中英国际学院	RoboVigor	德州农工大学	Texas aimbot	2	0
1334	2019	国际	17	小组赛C	加州大学圣地亚哥分校	加州大学TR	香港大学	HerKules	0	2
1335	2019	国际	18	小组赛D	宁波诺丁汉大学	甬造坊	浙大UIUC联队	Meta	0	2
1336	2019	国际	19	小组赛A	弗吉尼亚理工大学	RoboGrinder	俄亥俄州立大学	Vindicator	2	0
1337	2019	国际	20	小组赛B	香港科技大学	ENTERPRIZE	上海理工大学中英国际学院	RoboVigor	2	0
1338	2019	国际	21	小组赛C	香港大学	HerKules	福冈联合大学	Fukuoka Niwaka	0	2
1339	2019	国际	22	小组赛D	浙大UIUC联队	Meta	粤台&中正	Kinetic	2	0
1340	2019	国际	23	小组赛D	宁波诺丁汉大学	甬造坊	麦克马斯特大学	MacFalcons	1	1
1341	2019	国际	24	小组赛A	华盛顿大学	ARUW	普渡大学	BoilerBot	2	0
1342	2019	国际	25	小组赛B	德州农工大学	Texas aimbot	罗斯霍曼理工学院	Rosebotics	0	2
1343	2019	国际	26	小组赛C	女王大学	女王骑士团	加州大学圣地亚哥分校	加州大学TR	2	0
1344	2019	国际	27	小组赛D	西交利物浦大学&University of Liverpool	GMaster	宁波诺丁汉大学	甬造坊	2	0
1345	2019	国际	28	小组赛D	麦克马斯特大学	MacFalcons	浙大UIUC联队	Meta	0	2
1346	2019	国际	29	8进4淘汰赛	弗吉尼亚理工大学	RoboGrinder	上海理工大学中英国际学院	RoboVigor	2	0
1347	2019	国际	30	8进4淘汰赛	华盛顿大学	ARUW	香港科技大学	ENTERPRIZE	0	2
1348	2019	国际	31	8进4淘汰赛	粤台&中正	Kinetic	女王大学	女王骑士团	2	0
1349	2019	国际	32	8进4淘汰赛	浙大UIUC联队	Meta	福冈联合大学	Fukuoka Niwaka	0	2
1350	2019	国际	33	败者组第一轮	上海理工大学中英国际学院	RoboVigor	女王大学	女王骑士团	2	0
1351	2019	国际	34	败者组第一轮	华盛顿大学	ARUW	浙大UIUC联队	Meta	1	2
1352	2019	国际	35	胜者组第一轮•4强争夺赛	弗吉尼亚理工大学	RoboGrinder	粤台&中正	Kinetic	2	0
1353	2019	国际	36	胜者组第一轮•4强争夺赛	香港科技大学	ENTERPRIZE	福冈联合大学	Fukuoka Niwaka	2	0
1354	2019	国际	37	败者组第二轮•4强争夺赛	粤台&中正	Kinetic	浙大UIUC联队	Meta	2	0
1355	2019	国际	38	败者组第二轮•4强争夺赛	上海理工大学中英国际学院	RoboVigor	福冈联合大学	Fukuoka Niwaka	2	1
1356	2019	国际	39	季军争夺战	粤台&中正	Kinetic	上海理工大学中英国际学院	RoboVigor	1	3
1357	2019	国际	40	冠军争夺战	弗吉尼亚理工大学	RoboGrinder	香港科技大学	ENTERPRIZE	0	3
1358	2019	南部	1	小组赛A	华南理工大学	华南虎	厦门大学	RCS	2	0
1359	2019	南部	2	小组赛B	厦门大学（漳州）	海韵机器人	华南师范大学	Pioneer	1	1
1360	2019	南部	3	小组赛C	佛山科学技术学院	醒狮	浙江纺织服装职业技术学院	Robofuture	1	1
1361	2019	南部	4	小组赛D	南方科技大学	Artinx	桂林电子科技大学	Evolution	0	2
1362	2019	南部	5	小组赛E	电子科技大学	One Point Five	电子科技大学中山学院	RoboBraver	1	1
1363	2019	南部	6	小组赛F	中山大学	逸仙狮	贵州师范学院	Jumper	2	0
1364	2019	南部	7	小组赛G	南华大学	MA	哈尔滨工业大学（深圳）	南工骁鹰	1	1
1365	2019	南部	8	小组赛H	湖南大学	Decepticon	北京理工大学（珠海）	高巨毅恒	0	2
1366	2019	南部	9	小组赛I	华南理工大学广州学院	GCURobot	华侨大学	华机	2	0
1367	2019	南部	10	小组赛J	深圳大学	RobotPilots	东南大学	ForwardUntoDawn	2	0
1368	2019	南部	11	小组赛K	四川大学	新日成_火锅	中南大学	FYT	2	0
1369	2019	南部	12	小组赛A	五邑大学	IMCA	福建工程学院	中维动力	0	2
1370	2019	南部	13	小组赛B	浙江大学	Hello World	集美大学诚毅学院	拉普拉斯	1	1
1371	2019	南部	14	小组赛C	厦门理工学院	LOT	黑河学院	LBT	1	1
1372	2019	南部	15	小组赛D	云南大学&中科院深圳	Future	闽江学院	FURY	2	0
1373	2019	南部	16	小组赛E	华南农业大学	Taurus	广西师范大学	虎狮	2	0
1374	2019	南部	17	小组赛F	北京师范大学珠海分校	SoaringRobotics	中山大学	逸仙狮	0	2
1375	2019	南部	18	小组赛G	北部湾大学	飞虎	南华大学	MA	0	2
1376	2019	南部	19	小组赛H	厦门大学嘉庚学院	TCR	湖南大学	Decepticon	1	1
1377	2019	南部	20	小组赛I	东莞理工学院	ACE	华南理工大学广州学院	GCURobot	0	2
1378	2019	南部	21	小组赛J	仲恺农业工程学院	奇点	深圳大学	RobotPilots	0	2
1379	2019	南部	22	小组赛K	桂林理工大学	Avenger	四川大学	新日成_火锅	0	2
1380	2019	南部	23	小组赛A	华南理工大学	华南虎	福建工程学院	中维动力	1	1
1381	2019	南部	24	小组赛B	厦门大学（漳州）	海韵机器人	集美大学诚毅学院	拉普拉斯	0	2
1382	2019	南部	25	小组赛C	佛山科学技术学院	醒狮	黑河学院	LBT	1	1
1383	2019	南部	26	小组赛D	南方科技大学	Artinx	闽江学院	FURY	2	0
1384	2019	南部	27	小组赛E	电子科技大学	One Point Five	广西师范大学	虎狮	0	2
1385	2019	南部	28	小组赛A	五邑大学	IMCA	厦门大学	RCS	2	0
1386	2019	南部	29	小组赛B	浙江大学	Hello World	华南师范大学	Pioneer	2	0
1387	2019	南部	30	小组赛C	厦门理工学院	LOT	浙江纺织服装职业技术学院	Robofuture	0	2
1388	2019	南部	31	小组赛D	云南大学&中科院深圳	Future	桂林电子科技大学	Evolution	0	2
1389	2019	南部	32	小组赛E	华南农业大学	Taurus	电子科技大学中山学院	RoboBraver	2	0
1390	2019	南部	33	小组赛F	贵州师范学院	Jumper	北京师范大学珠海分校	SoaringRobotics	0	2
1391	2019	南部	34	小组赛G	哈尔滨工业大学（深圳）	南工骁鹰	北部湾大学	飞虎	2	0
1392	2019	南部	35	小组赛H	北京理工大学（珠海）	高巨毅恒	厦门大学嘉庚学院	TCR	2	0
1393	2019	南部	36	小组赛I	华侨大学	华机	东莞理工学院	ACE	0	2
1394	2019	南部	37	小组赛J	东南大学	ForwardUntoDawn	仲恺农业工程学院	奇点	2	0
1395	2019	南部	38	小组赛K	中南大学	FYT	桂林理工大学	Avenger	0	2
1396	2019	南部	39	小组赛A	华南理工大学	华南虎	五邑大学	IMCA	2	0
1397	2019	南部	40	小组赛B	厦门大学（漳州）	海韵机器人	浙江大学	Hello World	1	1
1398	2019	南部	41	小组赛C	佛山科学技术学院	醒狮	厦门理工学院	LOT	2	0
1399	2019	南部	42	小组赛D	南方科技大学	Artinx	云南大学&中科院深圳	Future	0	2
1400	2019	南部	43	小组赛E	电子科技大学	One Point Five	华南农业大学	Taurus	2	0
1401	2019	南部	44	小组赛A	厦门大学	RCS	福建工程学院	中维动力	0	2
1402	2019	南部	45	小组赛B	华南师范大学	Pioneer	集美大学诚毅学院	拉普拉斯	0	2
1403	2019	南部	46	小组赛C	浙江纺织服装职业技术学院	Robofuture	黑河学院	LBT	2	0
1404	2019	南部	47	小组赛D	桂林电子科技大学	Evolution	闽江学院	FURY	2	0
1405	2019	南部	48	小组赛E	电子科技大学中山学院	RoboBraver	广西师范大学	虎狮	2	0
1406	2019	南部	49	16进8淘汰赛	华南理工大学	华南虎	浙江大学	Hello World	2	0
1407	2019	南部	50	16进8淘汰赛	云南大学&中科院深圳	Future	浙江纺织服装职业技术学院	Robofuture	0	2
1408	2019	南部	51	16进8淘汰赛	集美大学诚毅学院	拉普拉斯	福建工程学院	中维动力	0	2
1409	2019	南部	52	16进8淘汰赛	佛山科学技术学院	醒狮	桂林电子科技大学	Evolution	0	2
1410	2019	南部	53	16进8淘汰赛	电子科技大学	One Point Five	中山大学	逸仙狮	2	0
1411	2019	南部	54	16进8淘汰赛	华南农业大学	Taurus	南华大学	MA	2	0
1412	2019	南部	55	16进8淘汰赛	北京理工大学（珠海）	高巨毅恒	华南理工大学广州学院	GCURobot	2	1
1413	2019	南部	56	16进8淘汰赛	深圳大学	RobotPilots	四川大学	新日成_火锅	2	0
1414	2019	南部	57	16进8胜者组	华南理工大学	华南虎	浙江纺织服装职业技术学院	Robofuture	2	0
1415	2019	南部	58	16进8胜者组	福建工程学院	中维动力	桂林电子科技大学	Evolution	2	0
1416	2019	南部	59	16进8胜者组	电子科技大学	One Point Five	华南农业大学	Taurus	0	2
1417	2019	南部	60	16进8胜者组	北京理工大学（珠海）	高巨毅恒	深圳大学	RobotPilots	2	0
1418	2019	南部	61	16进8败者组第一轮	浙江大学	Hello World	云南大学&中科院深圳	Future	2	0
1419	2019	南部	62	16进8败者组第一轮	集美大学诚毅学院	拉普拉斯	佛山科学技术学院	醒狮	0	2
1420	2019	南部	63	16进8败者组第一轮	中山大学	逸仙狮	南华大学	MA	2	1
1421	2019	南部	64	16进8败者组第一轮	华南理工大学广州学院	GCURobot	四川大学	新日成_火锅	0	2
1422	2019	南部	65	16进8败者组第二轮	电子科技大学	One Point Five	浙江大学	Hello World	2	0
1423	2019	南部	66	16进8败者组第二轮	佛山科学技术学院	醒狮	深圳大学	RobotPilots	0	2
1424	2019	南部	67	16进8败者组第二轮	浙江纺织服装职业技术学院	Robofuture	中山大学	逸仙狮	2	0
1425	2019	南部	68	16进8败者组第二轮	四川大学	新日成_火锅	桂林电子科技大学	Evolution	1	2
1426	2019	南部	69	8进4胜者组	华南理工大学	华南虎	福建工程学院	中维动力	2	0
1427	2019	南部	70	8进4胜者组	华南农业大学	Taurus	北京理工大学（珠海）	高巨毅恒	0	2
1428	2019	南部	71	8进4败者组第一轮	电子科技大学	One Point Five	深圳大学	RobotPilots	1	2
1429	2019	南部	72	8进4败者组第一轮	浙江纺织服装职业技术学院	Robofuture	桂林电子科技大学	Evolution	0	2
1430	2019	南部	73	8进4败者组第二轮	福建工程学院	中维动力	深圳大学	RobotPilots	0	2
1431	2019	南部	74	8进4败者组第二轮	桂林电子科技大学	Evolution	华南农业大学	Taurus	2	0
1432	2019	南部	75	复活赛名额争夺赛	浙江大学	Hello World	佛山科学技术学院	醒狮	0	2
1433	2019	南部	76	复活赛名额争夺赛	中山大学	逸仙狮	四川大学	新日成_火锅	0	2
1434	2019	南部	77	半决赛	北京理工大学（珠海）	高巨毅恒	深圳大学	RobotPilots	2	0
1435	2019	南部	78	半决赛	桂林电子科技大学	Evolution	华南理工大学	华南虎	0	2
1436	2019	南部	79	复活赛名额争夺赛	浙江大学	Hello World	中山大学	逸仙狮	2	0
1437	2019	南部	80	季军赛	深圳大学	RobotPilots	桂林电子科技大学	Evolution	3	0
1438	2019	南部	81	决赛	北京理工大学（珠海）	高巨毅恒	华南理工大学	华南虎	0	3
1439	2019	中部	1	小组赛A	太原工业学院	火线	南京航空航天大学金城学院	Born of Fire	2	0
1440	2019	中部	2	小组赛B	南京理工大学	Alliance	安徽信息工程学院	Artisans	2	0
1441	2019	中部	3	小组赛C	太原科技大学	NewMaker	南昌大学	Passion	1	1
1442	2019	中部	4	小组赛D	同济大学	Super Power	重庆理工大学	VENI VIDI VICI	2	0
1443	2019	中部	5	小组赛E	西安交通大学	速加网笃行	江苏科技大学	HLL	1	1
1444	2019	中部	6	小组赛F	太原理工大学	TRoMaC	天津理工大学	边际漫游者	2	0
1445	2019	中部	7	小组赛G	中国矿业大学	CUBOT	西安理工大学	NEXT E	2	0
1446	2019	中部	8	小组赛G	宁波职业技术学院	准匠精工	上海交通大学	交龙	0	2
1447	2019	中部	9	小组赛H	兰州理工大学	红柳猎人	西藏农牧学院	雪域战狼	2	0
1448	2019	中部	10	小组赛H	成都工业学院	涉科赛思	福建师范大学	Pikachu	2	0
1449	2019	中部	11	小组赛A	深圳职业技术学院	RCIA	长安大学	CHD	2	0
1450	2019	中部	12	小组赛B	新乡学院	电创	中国石油大学（华东）	PRS	0	2
1451	2019	中部	13	小组赛C	湖北工业大学	力创RM	西北农林科技大学	猎隼	0	2
1452	2019	中部	14	小组赛D	西安电子科技大学	IRobot	南京航空航天大学	长空御风	1	1
1453	2019	中部	15	小组赛E	西北工业大学	WMJ	华中科技大学	狼牙	0	2
1454	2019	中部	16	小组赛F	东北林业大学	领志科技Ares	内蒙古科技大学	雷霆	2	0
1455	2019	中部	17	小组赛G	电子科技大学成都学院	微城市V CTIM	宁波职业技术学院	准匠精工	2	0
1456	2019	中部	18	小组赛G	上海交通大学	交龙	中国矿业大学	CUBOT	1	1
1457	2019	中部	19	小组赛H	西南民族大学	AmbitiousYounger	成都工业学院	涉科赛思	0	2
1458	2019	中部	20	小组赛H	福建师范大学	Pikachu	兰州理工大学	红柳猎人	2	0
1459	2019	中部	21	小组赛A	长安大学	CHD	太原工业学院	火线	0	2
1460	2019	中部	22	小组赛B	中国石油大学（华东）	PRS	南京理工大学	Alliance	1	1
1461	2019	中部	23	小组赛C	西北农林科技大学	猎隼	太原科技大学	NewMaker	1	1
1462	2019	中部	24	小组赛D	南京航空航天大学	长空御风	同济大学	Super Power	0	2
1463	2019	中部	25	小组赛E	华中科技大学	狼牙	西安交通大学	速加网笃行	1	1
1464	2019	中部	26	小组赛F	内蒙古科技大学	雷霆	太原理工大学	TRoMaC	1	1
1465	2019	中部	27	小组赛G	宁波职业技术学院	准匠精工	中国矿业大学	CUBOT	0	2
1466	2019	中部	28	小组赛G	西安理工大学	NEXT E	上海交通大学	交龙	0	2
1467	2019	中部	29	小组赛H	成都工业学院	涉科赛思	兰州理工大学	红柳猎人	2	0
1468	2019	中部	30	小组赛H	西藏农牧学院	雪域战狼	福建师范大学	Pikachu	0	2
1469	2019	中部	31	小组赛A	深圳职业技术学院	RCIA	南京航空航天大学金城学院	Born of Fire	2	0
1470	2019	中部	32	小组赛B	新乡学院	电创	安徽信息工程学院	Artisans	0	2
1471	2019	中部	33	小组赛C	湖北工业大学	力创RM	南昌大学	Passion	0	2
1472	2019	中部	34	小组赛D	西安电子科技大学	IRobot	重庆理工大学	VENI VIDI VICI	2	0
1473	2019	中部	35	小组赛E	西北工业大学	WMJ	江苏科技大学	HLL	2	0
1474	2019	中部	36	小组赛F	东北林业大学	领志科技Ares	天津理工大学	边际漫游者	2	0
1475	2019	中部	37	小组赛G	电子科技大学成都学院	微城市V CTIM	西安理工大学	NEXT E	2	0
1476	2019	中部	38	小组赛H	西南民族大学	AmbitiousYounger	西藏农牧学院	雪域战狼	2	0
1477	2019	中部	39	小组赛A	太原工业学院	火线	深圳职业技术学院	RCIA	2	0
1478	2019	中部	40	小组赛B	南京理工大学	Alliance	新乡学院	电创	2	0
1479	2019	中部	41	小组赛C	太原科技大学	NewMaker	湖北工业大学	力创RM	1	1
1480	2019	中部	42	小组赛D	同济大学	Super Power	西安电子科技大学	IRobot	1	1
1481	2019	中部	43	小组赛E	西安交通大学	速加网笃行	西北工业大学	WMJ	1	1
1482	2019	中部	44	小组赛F	太原理工大学	TRoMaC	东北林业大学	领志科技Ares	0	2
1483	2019	中部	45	小组赛G	中国矿业大学	CUBOT	宁波职业技术学院	准匠精工	2	0
1484	2019	中部	46	小组赛H	兰州理工大学	红柳猎人	西南民族大学	AmbitiousYounger	1	1
1485	2019	中部	47	小组赛A	南京航空航天大学金城学院	Born of Fire	长安大学	CHD	2	0
1486	2019	中部	48	小组赛B	安徽信息工程学院	Artisans	中国石油大学（华东）	PRS	1	1
1487	2019	中部	49	小组赛C	南昌大学	Passion	西北农林科技大学	猎隼	1	1
1488	2019	中部	50	小组赛D	重庆理工大学	VENI VIDI VICI	南京航空航天大学	长空御风	0	2
1489	2019	中部	51	小组赛E	江苏科技大学	HLL	华中科技大学	狼牙	0	2
1490	2019	中部	52	小组赛F	天津理工大学	边际漫游者	内蒙古科技大学	雷霆	2	0
1491	2019	中部	53	小组赛G	西安理工大学	NEXT E	宁波职业技术学院	准匠精工	2	0
1492	2019	中部	54	小组赛G	上海交通大学	交龙	电子科技大学成都学院	微城市V CTIM	2	0
1493	2019	中部	55	小组赛H	西藏农牧学院	雪域战狼	成都工业学院	涉科赛思	0	2
1494	2019	中部	56	小组赛H	福建师范大学	Pikachu	西南民族大学	AmbitiousYounger	0	2
1495	2019	中部	57	16进8淘汰赛	太原工业学院	火线	中国石油大学（华东）	PRS	2	1
1496	2019	中部	58	16进8淘汰赛	西安电子科技大学	IRobot	南昌大学	Passion	2	1
1497	2019	中部	59	16进8淘汰赛	华中科技大学	狼牙	太原理工大学	TRoMaC	2	0
1498	2019	中部	60	16进8淘汰赛	西南民族大学	AmbitiousYounger	中国矿业大学	CUBOT	0	2
1499	2019	中部	61	16进8淘汰赛	深圳职业技术学院	RCIA	南京理工大学	Alliance	0	2
1500	2019	中部	62	16进8淘汰赛	同济大学	Super Power	西北农林科技大学	猎隼	2	1
1501	2019	中部	63	16进8淘汰赛	西北工业大学	WMJ	东北林业大学	领志科技Ares	2	0
1502	2019	中部	64	16进8淘汰赛	成都工业学院	涉科赛思	上海交通大学	交龙	0	2
1503	2019	中部	65	16进8胜者组	太原工业学院	火线	西安电子科技大学	IRobot	1	2
1504	2019	中部	66	16进8胜者组	华中科技大学	狼牙	中国矿业大学	CUBOT	2	1
1505	2019	中部	67	16进8胜者组	南京理工大学	Alliance	同济大学	Super Power	1	2
1506	2019	中部	68	16进8胜者组	西北工业大学	WMJ	上海交通大学	交龙	0	2
1507	2019	中部	69	16进8败者组第一轮	中国石油大学（华东）	PRS	南昌大学	Passion	2	0
1508	2019	中部	70	16进8败者组第一轮	太原理工大学	TRoMaC	西南民族大学	AmbitiousYounger	2	0
1509	2019	中部	71	16进8败者组第一轮	深圳职业技术学院	RCIA	西北农林科技大学	猎隼	0	2
1510	2019	中部	72	16进8败者组第一轮	东北林业大学	领志科技Ares	成都工业学院	涉科赛思	2	0
1511	2019	中部	73	16进8败者组第二轮	南京理工大学	Alliance	中国石油大学（华东）	PRS	2	0
1512	2019	中部	74	16进8败者组第二轮	太原理工大学	TRoMaC	西北工业大学	WMJ	0	2
1513	2019	中部	75	16进8败者组第二轮	太原工业学院	火线	西北农林科技大学	猎隼	2	0
1514	2019	中部	76	16进8败者组第二轮	东北林业大学	领志科技Ares	中国矿业大学	CUBOT	0	2
1515	2019	中部	77	8进4淘汰赛	西安电子科技大学	IRobot	西北工业大学	WMJ	1	2
1516	2019	中部	78	8进4淘汰赛	南京理工大学	Alliance	华中科技大学	狼牙	2	1
1517	2019	中部	79	8进4淘汰赛	同济大学	Super Power	中国矿业大学	CUBOT	0	2
1518	2019	中部	80	8进4淘汰赛	太原工业学院	火线	上海交通大学	交龙	2	1
1519	2019	中部	81	复活赛名额争夺赛	南昌大学	Passion	西南民族大学	AmbitiousYounger	0	2
1520	2019	中部	82	复活赛名额争夺赛	深圳职业技术学院	RCIA	成都工业学院	涉科赛思	2	0
1521	2019	中部	83	16进8败者组第三轮	中国石油大学（华东）	PRS	太原理工大学	TRoMaC	2	0
1522	2019	中部	84	16进8败者组第三轮	西北农林科技大学	猎隼	东北林业大学	领志科技Ares	0	2
1523	2019	中部	85	半决赛	西北工业大学	WMJ	南京理工大学	Alliance	0	2
1524	2019	中部	86	半决赛	中国矿业大学	CUBOT	太原工业学院	火线	2	0
1525	2019	中部	87	复活赛名额争夺赛	西南民族大学	AmbitiousYounger	深圳职业技术学院	RCIA	2	0
1526	2019	中部	88	总决赛名额争夺赛	中国石油大学（华东）	PRS	东北林业大学	领志科技Ares	2	1
1527	2019	中部	89	季军赛	西北工业大学	WMJ	太原工业学院	火线	1	3
1528	2019	中部	90	决赛	南京理工大学	Alliance	中国矿业大学	CUBOT	2	3
1529	2019	总决赛	1	小组赛A	中国矿业大学	CUBOT	中国石油大学（华东）	RPS	2	0
1530	2019	总决赛	2	小组赛B	哈尔滨工业大学	斯坦德 I Hiter	同济大学	Super Power	2	0
1531	2019	总决赛	3	小组赛C	西安电子科技大学	IRobot	东北大学	TDT	0	2
1532	2019	总决赛	4	小组赛D	西安交通大学	速加网笃行	弗吉尼亚理工大学	RoboGrinder	2	0
1533	2019	总决赛	5	小组赛E	华南理工大学	华南虎	华北理工大学	Horizon	1	1
1534	2019	总决赛	6	小组赛F	南京理工大学	Alliance	浙江纺织服装职业技术学院	Robofuture	1	1
1535	2019	总决赛	7	小组赛G	北方工业大学	DreamTeam	香港科技大学	ENTERPRIZE	1	1
1536	2019	总决赛	8	小组赛H	电子科技大学	One Point Five	北京理工大学（珠海）	高巨毅恒	2	0
1537	2019	总决赛	9	小组赛A	上海理工大学中英国际学院	RoboVigor	山东科技大学	SmartRobot	1	1
1538	2019	总决赛	10	小组赛B	大连交通大学	TOE	河北科技大学	Actor&Thinker	2	0
1539	2019	总决赛	11	小组赛C	哈尔滨工业大学（威海）	HERO	桂林电子科技大学	Evolution	0	2
1540	2019	总决赛	12	小组赛D	上海交通大学	交龙	西北工业大学	WMJ	2	0
1541	2019	总决赛	13	小组赛E	太原工业学院	火线	华北科技学院	风暴	2	0
1542	2019	总决赛	14	小组赛F	粤台&中正	Kinetic	福建工程学院	中维动力	0	2
1543	2019	总决赛	15	小组赛G	华南农业大学	Taurus	深圳大学	RobotPilots	0	2
1544	2019	总决赛	16	小组赛H	华中科技大学	狼牙	中国石油大学（北京）	SPR	1	1
1545	2019	总决赛	17	小组赛A	山东科技大学	SmartRobot	中国矿业大学	CUBOT	0	2
1546	2019	总决赛	18	小组赛B	河北科技大学	Actor&Thinker	哈尔滨工业大学	斯坦德 I Hiter	0	2
1547	2019	总决赛	19	小组赛C	东北大学	TDT	哈尔滨工业大学（威海）	HERO	2	0
1548	2019	总决赛	20	小组赛D	弗吉尼亚理工大学	RoboGrinder	上海交通大学	交龙	0	2
1549	2019	总决赛	21	小组赛E	华北科技学院	风暴	华南理工大学	华南虎	0	2
1550	2019	总决赛	22	小组赛F	福建工程学院	中维动力	南京理工大学	Alliance	0	2
1551	2019	总决赛	23	小组赛G	香港科技大学	ENTERPRIZE	华南农业大学	Taurus	2	0
1552	2019	总决赛	24	小组赛H	北京理工大学（珠海）	高巨毅恒	华中科技大学	狼牙	1	1
1553	2019	总决赛	25	小组赛A	上海理工大学中英国际学院	RoboVigor	中国石油大学（华东）	RPS	0	2
1554	2019	总决赛	26	小组赛B	大连交通大学	TOE	同济大学	Super Power	2	0
1555	2019	总决赛	27	小组赛C	西安电子科技大学	IRobot	桂林电子科技大学	Evolution	1	1
1556	2019	总决赛	28	小组赛D	西安交通大学	速加网笃行	西北工业大学	WMJ	2	0
1557	2019	总决赛	29	小组赛E	太原工业学院	火线	华北理工大学	Horizon	1	1
1558	2019	总决赛	30	小组赛F	粤台&中正	Kinetic	浙江纺织服装职业技术学院	Robofuture	0	2
1559	2019	总决赛	31	小组赛G	北方工业大学	DreamTeam	深圳大学	RobotPilots	0	2
1560	2019	总决赛	32	小组赛H	电子科技大学	One Point Five	中国石油大学（北京）	SPR	2	0
1561	2019	总决赛	33	小组赛A	中国矿业大学	CUBOT	上海理工大学中英国际学院	RoboVigor	2	0
1562	2019	总决赛	34	小组赛B	哈尔滨工业大学	斯坦德 I Hiter	大连交通大学	TOE	1	1
1563	2019	总决赛	35	小组赛C	桂林电子科技大学	Evolution	东北大学	TDT	0	2
1564	2019	总决赛	36	小组赛D	西北工业大学	WMJ	弗吉尼亚理工大学	RoboGrinder	2	0
1565	2019	总决赛	37	小组赛E	华南理工大学	华南虎	太原工业学院	火线	0	2
1566	2019	总决赛	38	小组赛F	南京理工大学	Alliance	粤台&中正	Kinetic	2	0
1567	2019	总决赛	39	小组赛G	深圳大学	RobotPilots	香港科技大学	ENTERPRIZE	1	1
1568	2019	总决赛	40	小组赛H	中国石油大学（北京）	SPR	北京理工大学（珠海）	高巨毅恒	0	2
1569	2019	总决赛	41	小组赛A	中国石油大学（华东）	RPS	山东科技大学	SmartRobot	2	0
1570	2019	总决赛	42	小组赛B	同济大学	Super Power	河北科技大学	Actor&Thinker	0	2
1571	2019	总决赛	43	小组赛C	哈尔滨工业大学（威海）	HERO	西安电子科技大学	IRobot	1	1
1572	2019	总决赛	44	小组赛D	上海交通大学	交龙	西安交通大学	速加网笃行	2	0
1573	2019	总决赛	45	小组赛E	华北理工大学	Horizon	华北科技学院	风暴	2	0
1574	2019	总决赛	46	小组赛F	浙江纺织服装职业技术学院	Robofuture	福建工程学院	中维动力	1	1
1575	2019	总决赛	47	小组赛G	华南农业大学	Taurus	北方工业大学	DreamTeam	0	2
1576	2019	总决赛	48	小组赛H	华中科技大学	狼牙	电子科技大学	One Point Five	0	2
1577	2019	总决赛	49	16进8淘汰赛	中国矿业大学	CUBOT	哈尔滨工业大学	斯坦德 I Hiter	0	2
1578	2019	总决赛	50	16进8淘汰赛	西安交通大学	速加网笃行	东北大学	TDT	0	2
1579	2019	总决赛	51	16进8淘汰赛	太原工业学院	火线	浙江纺织服装职业技术学院	Robofuture	2	0
1580	2019	总决赛	52	16进8淘汰赛	北京理工大学（珠海）	高巨毅恒	深圳大学	RobotPilots	2	0
1581	2019	总决赛	53	16进8淘汰赛	中国石油大学（华东）	RPS	大连交通大学	TOE	0	2
1582	2019	总决赛	54	16进8淘汰赛	上海交通大学	交龙	桂林电子科技大学	Evolution	2	0
1583	2019	总决赛	55	16进8淘汰赛	华北理工大学	Horizon	南京理工大学	Alliance	0	2
1584	2019	总决赛	56	16进8淘汰赛	电子科技大学	One Point Five	香港科技大学	ENTERPRIZE	2	0
1585	2019	总决赛	57	胜者组第一轮•8强争夺赛	哈尔滨工业大学	斯坦德 I Hiter	东北大学	TDT	0	2
1586	2019	总决赛	58	胜者组第一轮•8强争夺赛	太原工业学院	火线	北京理工大学（珠海）	高巨毅恒	0	2
1587	2019	总决赛	59	胜者组第一轮•8强争夺赛	大连交通大学	TOE	上海交通大学	交龙	2	1
1588	2019	总决赛	60	胜者组第一轮•8强争夺赛	南京理工大学	Alliance	电子科技大学	One Point Five	0	2
1589	2019	总决赛	61	败者组第一轮	中国矿业大学	CUBOT	西安交通大学	速加网笃行	2	1
1590	2019	总决赛	62	败者组第一轮	浙江纺织服装职业技术学院	Robofuture	深圳大学	RobotPilots	0	2
1591	2019	总决赛	63	败者组第一轮	中国石油大学（华东）	RPS	桂林电子科技大学	Evolution	2	0
1592	2019	总决赛	64	败者组第一轮	华北理工大学	Horizon	香港科技大学	ENTERPRIZE	0	2
1593	2019	总决赛	65	败者组第二轮•8强争夺赛	中国矿业大学	CUBOT	南京理工大学	Alliance	2	1
1594	2019	总决赛	66	败者组第二轮•8强争夺赛	上海交通大学	交龙	深圳大学	RobotPilots	2	0
1595	2019	总决赛	67	败者组第二轮•8强争夺赛	中国石油大学（华东）	RPS	太原工业学院	火线	2	0
1596	2019	总决赛	68	败者组第二轮•8强争夺赛	哈尔滨工业大学	斯坦德 I Hiter	香港科技大学	ENTERPRIZE	2	0
1597	2019	总决赛	69	败者组第三轮	中国矿业大学	CUBOT	上海交通大学	交龙	0	2
1598	2019	总决赛	70	败者组第三轮	中国石油大学（华东）	RPS	哈尔滨工业大学	斯坦德 I Hiter	0	2
1599	2019	总决赛	71	胜者组第二轮•4强争夺赛	东北大学	TDT	北京理工大学（珠海）	高巨毅恒	2	0
1600	2019	总决赛	72	胜者组第二轮•4强争夺赛	大连交通大学	TOE	电子科技大学	One Point Five	0	2
1601	2019	总决赛	73	败者组第四轮•4强争夺赛	北京理工大学（珠海）	高巨毅恒	上海交通大学	交龙	0	2
1602	2019	总决赛	74	败者组第四轮•4强争夺赛	哈尔滨工业大学	斯坦德 I Hiter	电子科技大学	One Point Five	1	2
1603	2019	总决赛	75	半决赛	大连交通大学	TOE	上海交通大学	交龙	1	3
1604	2019	总决赛	76	半决赛	电子科技大学	One Point Five	东北大学	TDT	2	3
1605	2019	总决赛	77	季军赛	大连交通大学	TOE	电子科技大学	One Point Five	2	3
1606	2019	总决赛	78	决赛	上海交通大学	交龙	东北大学	TDT	1	3
1607	2021	北区	1	小组赛A	大连交通大学	TOE	中国石油大学（北京）	SPR	2	0
1608	2021	北区	2	小组赛B	西安交通大学	笃行	东北林业大学	Ares	1	1
1609	2021	北区	3	小组赛C	山东科技大学	SmartRobot	燕山大学	燕鹰	2	0
1610	2021	北区	4	小组赛D	东北大学	TDT	哈尔滨工业大学（威海）	HERO	2	0
1611	2021	北区	5	小组赛E	太原理工大学	TRoMaC	河北科技大学	Actor&Thinker	2	0
1612	2021	北区	6	小组赛F	华北理工大学	Horizon	东北大学秦皇岛分校	英联sudo	2	0
1613	2021	北区	7	小组赛G	哈尔滨工业大学	I Hiter	防灾科技学院	思玄	2	0
1614	2021	北区	8	小组赛H	北京理工大学	Dream Chaser	河北轨道运输职业技术学院	奇点智联	2	0
1615	2021	北区	9	小组赛A	常州大学	Climber	吉林大学	TARS_Go	0	2
1616	2021	北区	10	小组赛B	宁波工程学院	New Legends	北京科技大学	Reborn	0	2
1617	2021	北区	11	小组赛C	大连理工大学	凌BUG	天津大学	北洋机甲	1	1
1618	2021	北区	12	小组赛D	济宁学院	凌云	合肥工业大学	苍穹	1	1
1619	2021	北区	13	小组赛E	深圳职业技术学院	RCIA	江苏大学	FIVE PINES	0	2
1620	2021	北区	14	小组赛F	华北科技学院	风暴	沈阳航空航天大学	TUP	2	0
1621	2021	北区	15	小组赛G	东莞理工学院城市学院	Walker	哈尔滨工程大学	创梦之翼	0	2
1622	2021	北区	16	小组赛H	辽宁科技大学	COD	沈阳理工大学	Ambition	0	2
1623	2021	北区	17	小组赛A	吉林大学	TARS_Go	大连交通大学	TOE	0	2
1624	2021	北区	18	小组赛B	北京科技大学	Reborn	西安交通大学	笃行	2	0
1625	2021	北区	19	小组赛C	天津大学	北洋机甲	山东科技大学	SmartRobot	1	1
1626	2021	北区	20	小组赛D	合肥工业大学	苍穹	东北大学	TDT	0	2
1627	2021	北区	21	小组赛E	江苏大学	FIVE PINES	太原理工大学	TRoMaC	0	2
1628	2021	北区	22	小组赛F	沈阳航空航天大学	TUP	华北理工大学	Horizon	0	2
1629	2021	北区	23	小组赛G	哈尔滨工程大学	创梦之翼	哈尔滨工业大学	I Hiter	1	1
1630	2021	北区	24	小组赛H	沈阳理工大学	Ambition	北京理工大学	Dream Chaser	1	1
1631	2021	北区	25	小组赛A	常州大学	Climber	中国石油大学（北京）	SPR	0	2
1632	2021	北区	26	小组赛B	宁波工程学院	New Legends	东北林业大学	Ares	0	2
1633	2021	北区	27	小组赛C	大连理工大学	凌BUG	燕山大学	燕鹰	2	0
1634	2021	北区	28	小组赛D	济宁学院	凌云	哈尔滨工业大学（威海）	HERO	1	1
1635	2021	北区	29	小组赛E	深圳职业技术学院	RCIA	河北科技大学	Actor&Thinker	0	2
1636	2021	北区	30	小组赛F	华北科技学院	风暴	东北大学秦皇岛分校	英联sudo	2	0
1637	2021	北区	31	小组赛G	东莞理工学院城市学院	Walker	防灾科技学院	思玄	0	2
1638	2021	北区	32	小组赛H	辽宁科技大学	COD	河北轨道运输职业技术学院	奇点智联	2	0
1639	2021	北区	33	小组赛A	大连交通大学	TOE	常州大学	Climber	2	0
1640	2021	北区	34	小组赛B	西安交通大学	笃行	宁波工程学院	New Legends	1	1
1641	2021	北区	35	小组赛C	山东科技大学	SmartRobot	大连理工大学	凌BUG	0	2
1642	2021	北区	36	小组赛D	东北大学	TDT	济宁学院	凌云	2	0
1643	2021	北区	37	小组赛E	太原理工大学	TRoMaC	深圳职业技术学院	RCIA	2	0
1644	2021	北区	38	小组赛F	华北理工大学	Horizon	华北科技学院	风暴	0	2
1645	2021	北区	39	小组赛G	哈尔滨工业大学	I Hiter	东莞理工学院城市学院	Walker	2	0
1646	2021	北区	40	小组赛H	北京理工大学	Dream Chaser	辽宁科技大学	COD	1	1
1647	2021	北区	41	小组赛A	中国石油大学（北京）	SPR	吉林大学	TARS_Go	2	0
1648	2021	北区	42	小组赛B	东北林业大学	Ares	北京科技大学	Reborn	1	1
1649	2021	北区	43	小组赛C	燕山大学	燕鹰	天津大学	北洋机甲	0	2
1650	2021	北区	44	小组赛D	哈尔滨工业大学（威海）	HERO	合肥工业大学	苍穹	2	0
1651	2021	北区	45	小组赛E	河北科技大学	Actor&Thinker	江苏大学	FIVE PINES	0	2
1652	2021	北区	46	小组赛F	东北大学秦皇岛分校	英联sudo	沈阳航空航天大学	TUP	1	1
1653	2021	北区	47	小组赛G	防灾科技学院	思玄	哈尔滨工程大学	创梦之翼	0	2
1654	2021	北区	48	小组赛H	河北轨道运输职业技术学院	奇点智联	沈阳理工大学	Ambition	0	2
1655	2021	北区	49	淘汰赛16进8	大连交通大学	TOE	东北林业大学	Ares	2	0
1656	2021	北区	50	淘汰赛16进8	哈尔滨工业大学（威海）	HERO	大连理工大学	凌BUG	0	2
1657	2021	北区	51	淘汰赛16进8	太原理工大学	TRoMaC	华北理工大学	Horizon	2	0
1658	2021	北区	52	淘汰赛16进8	北京理工大学	Dream Chaser	哈尔滨工程大学	创梦之翼	2	1
1659	2021	北区	53	淘汰赛16进8	中国石油大学（北京）	SPR	北京科技大学	Reborn	1	2
1660	2021	北区	54	淘汰赛16进8	东北大学	TDT	天津大学	北洋机甲	2	0
1661	2021	北区	55	淘汰赛16进8	江苏大学	FIVE PINES	华北科技学院	风暴	0	2
1662	2021	北区	56	淘汰赛16进8	沈阳理工大学	Ambition	哈尔滨工业大学	I Hiter	0	2
1663	2021	北区	57	总决赛名额争夺赛	东北林业大学	Ares	哈尔滨工业大学（威海）	HERO	1	2
1664	2021	北区	58	总决赛名额争夺赛	华北理工大学	Horizon	哈尔滨工程大学	创梦之翼	0	2
1665	2021	北区	59	总决赛名额争夺赛	江苏大学	FIVE PINES	沈阳理工大学	Ambition	0	2
1666	2021	北区	60	淘汰赛8进4	大连交通大学	TOE	大连理工大学	凌BUG	2	0
1667	2021	北区	61	淘汰赛8进4	太原理工大学	TRoMaC	北京理工大学	Dream Chaser	2	0
1668	2021	北区	62	总决赛名额争夺赛	中国石油大学（北京）	SPR	天津大学	北洋机甲	2	1
1669	2021	北区	63	淘汰赛8进4	北京科技大学	Reborn	东北大学	TDT	0	2
1670	2021	北区	64	淘汰赛8进4	华北科技学院	风暴	哈尔滨工业大学	I Hiter	1	2
1671	2021	北区	65	总决赛名额争夺赛	哈尔滨工业大学（威海）	HERO	哈尔滨工程大学	创梦之翼	1	2
1672	2021	北区	66	总决赛名额争夺赛	中国石油大学（北京）	SPR	沈阳理工大学	Ambition	2	1
1673	2021	北区	67	半决赛	大连交通大学	TOE	太原理工大学	TRoMaC	2	0
1674	2021	北区	68	半决赛	东北大学	TDT	哈尔滨工业大学	I Hiter	2	1
1675	2021	北区	69	总决赛名额争夺赛	哈尔滨工业大学（威海）	HERO	沈阳理工大学	Ambition	2	1
1676	2021	北区	70	三四名决赛	太原理工大学	TRoMaC	哈尔滨工业大学	I Hiter	1	3
1677	2021	北区	71	决赛	大连交通大学	TOE	东北大学	TDT	3	1
1678	2021	国际赛	2	小组赛W	东莞理工粤台中法	KineticRobotic	西交利物浦大学&University of Liverpool	Liverbot	1	1
1679	2021	国际赛	4	小组赛W	浙大UIUC联队	Meta lllint	东莞理工粤台中法	KineticRobotic	0	2
1680	2021	国际赛	6	小组赛W	西交利物浦大学&University of Liverpool	Liverbot	浙大UIUC联队	Meta lllint	2	0
1681	2021	南区	1	小组赛A	深圳大学	RobotPilots	哈尔滨工业大学（深圳）	南工骁鹰	2	0
1682	2021	南区	2	小组赛B	桂林电子科技大学	Evolution	中南大学	FYT	2	0
1683	2021	南区	3	小组赛C	华南理工大学	普渡华南虎	郑州大学	AIA	2	0
1684	2021	南区	4	小组赛D	佛山科学技术学院	醒狮	厦门大学嘉庚学院	TCR	2	0
1685	2021	南区	5	小组赛E	东莞理工学院	ACE	南华大学	MA	1	1
1686	2021	南区	6	小组赛F	福建工程学院	中维动力	厦门理工学院	PFA	2	0
1687	2021	南区	7	小组赛G	南昌大学	Passion	华南师范大学	PIONEER	2	0
1688	2021	南区	8	小组赛H	北京理工大学（珠海）	高巨毅恒	西南石油大学	铁人	2	0
1689	2021	南区	9	小组赛A	仲恺农业工程学院	奇点	华南农业大学	Taurus	0	2
1690	2021	南区	10	小组赛B	云南大学&中科院深圳	Future	北部湾大学	飞虎	2	0
1691	2021	南区	11	小组赛C	湖南大学	跃鹿	南方科技大学	ARTINX	1	1
1692	2021	南区	12	小组赛D	五邑大学	IMCA	哈尔滨理工大学	A.I.R.	2	0
1693	2021	南区	13	小组赛E	四川大学	磁海 火锅	广东工业大学	DynamicX	2	0
1694	2021	南区	14	小组赛F	华南理工大学广州学院	野狼	重庆理工大学	VENI VIDI VICI	2	0
1695	2021	南区	15	小组赛G	闽江学院	FURY	桂林理工大学	Stellaris	0	2
1696	2021	南区	16	小组赛H	西南民族大学	AJI	电子科技大学中山学院	RoboBraver	0	2
1697	2021	南区	17	小组赛A	华南农业大学	Taurus	深圳大学	RobotPilots	0	2
1698	2021	南区	18	小组赛B	北部湾大学	飞虎	桂林电子科技大学	Evolution	0	2
1699	2021	南区	19	小组赛C	南方科技大学	ARTINX	华南理工大学	普渡华南虎	0	2
1700	2021	南区	20	小组赛D	哈尔滨理工大学	A.I.R.	佛山科学技术学院	醒狮	0	2
1701	2021	南区	21	小组赛E	广东工业大学	DynamicX	东莞理工学院	ACE	2	0
1702	2021	南区	22	小组赛F	重庆理工大学	VENI VIDI VICI	福建工程学院	中维动力	0	2
1703	2021	南区	23	小组赛G	桂林理工大学	Stellaris	南昌大学	Passion	1	1
1704	2021	南区	24	小组赛H	电子科技大学中山学院	RoboBraver	北京理工大学（珠海）	高巨毅恒	2	0
1705	2021	南区	25	小组赛A	仲恺农业工程学院	奇点	哈尔滨工业大学（深圳）	南工骁鹰	0	2
1706	2021	南区	26	小组赛B	云南大学&中科院深圳	Future	中南大学	FYT	0	2
1707	2021	南区	27	小组赛C	华南理工大学	普渡华南虎	湖南大学	跃鹿	2	0
1708	2021	南区	28	小组赛D	五邑大学	IMCA	厦门大学嘉庚学院	TCR	2	0
1709	2021	南区	29	小组赛E	四川大学	磁海 火锅	南华大学	MA	2	0
1710	2021	南区	30	小组赛F	华南理工大学广州学院	野狼	华南师范大学	PIONEER	2	0
1711	2021	南区	31	小组赛G	闽江学院	FURY	西南石油大学	铁人	0	2
1712	2021	南区	32	小组赛H	西南民族大学	AJI	华南农业大学	Taurus	0	2
1713	2021	南区	33	小组赛A	深圳大学	RobotPilots	仲恺农业工程学院	奇点	2	0
1714	2021	南区	34	小组赛B	桂林电子科技大学	Evolution	云南大学&中科院深圳	Future	2	0
1715	2021	南区	35	小组赛C	湖南大学	跃鹿	郑州大学	AIA	1	1
1716	2021	南区	36	小组赛D	佛山科学技术学院	醒狮	五邑大学	IMCA	1	1
1717	2021	南区	37	小组赛E	东莞理工学院	ACE	四川大学	磁海 火锅	0	2
1718	2021	南区	38	小组赛F	福建工程学院	中维动力	华南理工大学广州学院	野狼	1	1
1719	2021	南区	39	小组赛G	南昌大学	Passion	闽江学院	FURY	1	1
1720	2021	南区	40	小组赛H	北京理工大学（珠海）	高巨毅恒	西南民族大学	AJI	2	0
1721	2021	南区	41	小组赛A	哈尔滨工业大学（深圳）	南工骁鹰	华南农业大学	Taurus	2	0
1722	2021	南区	42	小组赛B	中南大学	FYT	北部湾大学	飞虎	2	0
1723	2021	南区	43	小组赛C	郑州大学	AIA	南方科技大学	ARTINX	0	2
1724	2021	南区	44	小组赛D	厦门大学嘉庚学院	TCR	哈尔滨理工大学	A.I.R.	0	2
1725	2021	南区	45	小组赛E	南华大学	MA	广东工业大学	DynamicX	1	1
1726	2021	南区	46	小组赛F	厦门理工学院	PFA	重庆理工大学	VENI VIDI VICI	1	1
1727	2021	南区	47	小组赛G	华南师范大学	PIONEER	桂林理工大学	Stellaris	0	2
1728	2021	南区	48	小组赛H	西南石油大学	铁人	电子科技大学中山学院	RoboBraver	0	2
1729	2021	南区	49	淘汰赛16进8	深圳大学	RobotPilots	中南大学	FYT	2	0
1730	2021	南区	50	淘汰赛16进8	五邑大学	IMCA	华南理工大学	普渡华南虎	0	2
1731	2021	南区	51	淘汰赛16进8	四川大学	磁海 火锅	华南理工大学广州学院	野狼	1	2
1732	2021	南区	52	淘汰赛16进8	北京理工大学（珠海）	高巨毅恒	桂林理工大学	Stellaris	2	0
1733	2021	南区	53	淘汰赛16进8	哈尔滨工业大学（深圳）	南工骁鹰	桂林电子科技大学	Evolution	0	2
1734	2021	南区	54	淘汰赛16进8	佛山科学技术学院	醒狮	南方科技大学	ARTINX	1	2
1735	2021	南区	55	淘汰赛16进8	广东工业大学	DynamicX	福建工程学院	中维动力	2	0
1736	2021	南区	56	淘汰赛16进8	电子科技大学中山学院	RoboBraver	南昌大学	Passion	0	2
1737	2021	南区	57	总决赛名额争夺赛	中南大学	FYT	五邑大学	IMCA	1	0
1738	2021	南区	58	总决赛名额争夺赛	四川大学	磁海 火锅	桂林理工大学	Stellaris	0	1
1739	2021	南区	59	总决赛名额争夺赛	哈尔滨工业大学（深圳）	南工骁鹰	佛山科学技术学院	醒狮	1	0
1740	2021	南区	60	总决赛名额争夺赛	福建工程学院	中维动力	电子科技大学中山学院	RoboBraver	0	1
1741	2021	南区	61	总决赛名额争夺赛	中南大学	FYT	桂林理工大学	Stellaris	0	1
1742	2021	南区	62	总决赛名额争夺赛	哈尔滨工业大学（深圳）	南工骁鹰	电子科技大学中山学院	RoboBraver	1	0
1743	2021	邀请赛	1	小组赛Q	重庆大学	Allspark	桂电信息科技学院	GIRT竞技机器	0	2
1744	2021	邀请赛	3	小组赛Q	江西理工大学	乘风	重庆大学	Allspark	2	0
1745	2021	邀请赛	5	小组赛Q	桂电信息科技学院	GIRT竞技机器	江西理工大学	乘风	2	0
1746	2021	邀请赛	7	友谊赛	桂电信息科技学院	GIRT竞技机器	东莞理工粤台中法	KineticRobotic	0	2
1747	2021	邀请赛	8	友谊赛	江西理工大学	乘风	西交利物浦大学&University of Liverpool	Liverbot	0	2
1748	2021	邀请赛	9	友谊赛	重庆大学	Allspark	浙大UIUC联队	Meta lllint	0	2
1749	2021	中区	1	小组赛A	浙江纺织服装职业技术学院	Robofuture	上海工程技术大学	木鸢Birdiebot	1	1
1750	2021	中区	2	小组赛B	太原工业学院	火线	长安大学	VGD	2	0
1751	2021	中区	3	小组赛C	上海交通大学	云汉交龙	内蒙古科技大学	雷霆	2	0
1752	2021	中区	4	小组赛D	同济大学	SuperPower	东华大学	DIODE	2	0
1753	2021	中区	5	小组赛E	中国矿业大学	CUBOT	南京航空航天大学金城学院	Born of Fire	2	0
1754	2021	中区	6	小组赛F	东南大学	3SE	电子科技大学成都学院	微城市V CTIM	2	0
1755	2021	中区	7	小组赛G	南京理工大学	Alliance	集美大学诚毅学院	拉普拉斯	2	0
1756	2021	中区	8	小组赛H	西北工业大学	WMJ	浙江大学	Hello World	0	2
1757	2021	中区	9	小组赛A	西安电子科技大学	IRobot	湖北工业大学	纵维立方—力创RM	2	0
1758	2021	中区	10	小组赛B	中国人民解放军国防科技大学	军临	上海大学	SRM	2	0
1759	2021	中区	11	小组赛C	西南交通大学	Helios	杭州电子科技大学	PHOENIX	1	1
1760	2021	中区	12	小组赛D	厦门大学	RCS	常熟理工学院	R&A	1	1
1761	2021	中区	13	小组赛E	安徽信息工程学院	Artisans	南京航空航天大学	长空御风	2	0
1762	2021	中区	14	小组赛F	华中科技大学	狼牙	武汉工程大学	Nautilus	2	0
1763	2021	中区	15	小组赛G	中国石油大学（华东）	RPS	福建师范大学	Pikachu	2	0
1764	2021	中区	16	小组赛H	上海科技大学	Magician	太原科技大学	NewMaker	0	2
1765	2021	中区	17	小组赛A	湖北工业大学	纵维立方—力创RM	浙江纺织服装职业技术学院	Robofuture	0	2
1766	2021	中区	18	小组赛B	上海大学	SRM	太原工业学院	火线	1	1
1767	2021	中区	19	小组赛C	杭州电子科技大学	PHOENIX	上海交通大学	云汉交龙	1	1
1768	2021	中区	20	小组赛D	常熟理工学院	R&A	同济大学	SuperPower	2	0
1769	2021	中区	21	小组赛E	南京航空航天大学	长空御风	中国矿业大学	CUBOT	0	2
1770	2021	中区	22	小组赛F	武汉工程大学	Nautilus	东南大学	3SE	0	2
1771	2021	中区	23	小组赛G	福建师范大学	Pikachu	南京理工大学	Alliance	0	2
1772	2021	中区	24	小组赛H	太原科技大学	NewMaker	西北工业大学	WMJ	0	2
1773	2021	中区	25	小组赛A	西安电子科技大学	IRobot	上海工程技术大学	木鸢Birdiebot	0	2
1774	2021	中区	26	小组赛B	中国人民解放军国防科技大学	军临	长安大学	VGD	2	0
1775	2021	中区	27	小组赛C	西南交通大学	Helios	内蒙古科技大学	雷霆	2	0
1776	2021	中区	28	小组赛D	厦门大学	RCS	东华大学	DIODE	0	2
1777	2021	中区	29	小组赛E	安徽信息工程学院	Artisans	南京航空航天大学金城学院	Born of Fire	2	0
1778	2021	中区	30	小组赛F	华中科技大学	狼牙	电子科技大学成都学院	微城市V CTIM	2	0
1779	2021	中区	31	小组赛G	中国石油大学（华东）	RPS	集美大学诚毅学院	拉普拉斯	2	0
1780	2021	中区	32	小组赛H	上海科技大学	Magician	浙江大学	Hello World	0	2
1781	2021	中区	33	小组赛A	浙江纺织服装职业技术学院	Robofuture	西安电子科技大学	IRobot	2	0
1782	2021	中区	34	小组赛B	太原工业学院	火线	中国人民解放军国防科技大学	军临	0	2
1783	2021	中区	35	小组赛C	上海交通大学	云汉交龙	西南交通大学	Helios	2	0
1784	2021	中区	36	小组赛D	同济大学	SuperPower	厦门大学	RCS	2	0
1785	2021	中区	37	小组赛E	中国矿业大学	CUBOT	安徽信息工程学院	Artisans	1	1
1786	2021	中区	38	小组赛F	东南大学	3SE	华中科技大学	狼牙	1	1
1787	2021	中区	39	小组赛G	南京理工大学	Alliance	中国石油大学（华东）	RPS	0	2
1788	2021	中区	40	小组赛H	西北工业大学	WMJ	上海科技大学	Magician	2	0
1789	2021	中区	41	小组赛A	上海工程技术大学	木鸢Birdiebot	湖北工业大学	纵维立方—力创RM	2	0
1790	2021	中区	42	小组赛B	长安大学	VGD	上海大学	SRM	0	2
1791	2021	中区	43	小组赛C	内蒙古科技大学	雷霆	杭州电子科技大学	PHOENIX	0	2
1792	2021	中区	44	小组赛D	东华大学	DIODE	常熟理工学院	R&A	2	0
1793	2021	中区	45	小组赛E	南京航空航天大学金城学院	Born of Fire	南京航空航天大学	长空御风	0	2
1794	2021	中区	46	小组赛F	电子科技大学成都学院	微城市V CTIM	武汉工程大学	Nautilus	0	2
1795	2021	中区	47	小组赛G	集美大学诚毅学院	拉普拉斯	福建师范大学	Pikachu	2	0
1796	2021	中区	48	小组赛H	浙江大学	Hello World	太原科技大学	NewMaker	2	0
1797	2021	中区	49	淘汰赛16进8	上海工程技术大学	木鸢Birdiebot	太原工业学院	火线	2	1
1798	2021	中区	50	淘汰赛16进8	同济大学	SuperPower	上海交通大学	云汉交龙	0	2
1799	2021	中区	51	淘汰赛16进8	中国矿业大学	CUBOT	东南大学	3SE	0	2
1800	2021	中区	52	淘汰赛16进8	西北工业大学	WMJ	中国石油大学（华东）	RPS	1	2
1801	2021	中区	53	淘汰赛16进8	浙江纺织服装职业技术学院	Robofuture	中国人民解放军国防科技大学	军临	1	2
1802	2021	中区	54	淘汰赛16进8	东华大学	DIODE	杭州电子科技大学	PHOENIX	1	2
1803	2021	中区	55	淘汰赛16进8	安徽信息工程学院	Artisans	华中科技大学	狼牙	2	1
1804	2021	中区	56	淘汰赛16进8	浙江大学	Hello World	南京理工大学	Alliance	2	1
1805	2021	中区	57	总决赛名额争夺赛	太原工业学院	火线	同济大学	SuperPower	2	0
1806	2021	中区	58	总决赛名额争夺赛	中国矿业大学	CUBOT	西北工业大学	WMJ	0	2
1807	2021	中区	59	总决赛名额争夺赛	浙江纺织服装职业技术学院	Robofuture	东华大学	DIODE	2	0
1808	2021	中区	60	总决赛名额争夺赛	华中科技大学	狼牙	南京理工大学	Alliance	1	2
1809	2021	中区	61	淘汰赛8进4	上海工程技术大学	木鸢Birdiebot	上海交通大学	云汉交龙	0	2
1810	2021	中区	62	淘汰赛8进4	东南大学	3SE	中国石油大学（华东）	RPS	2	0
1811	2021	中区	63	淘汰赛8进4	中国人民解放军国防科技大学	军临	杭州电子科技大学	PHOENIX	2	0
1812	2021	中区	64	淘汰赛8进4	安徽信息工程学院	Artisans	浙江大学	Hello World	0	2
1813	2021	中区	65	总决赛名额争夺赛	太原工业学院	火线	西北工业大学	WMJ	0	2
1814	2021	中区	66	总决赛名额争夺赛	浙江纺织服装职业技术学院	Robofuture	南京理工大学	Alliance	2	0
1815	2021	中区	67	半决赛	上海交通大学	云汉交龙	东南大学	3SE	2	0
1816	2021	中区	68	半决赛	中国人民解放军国防科技大学	军临	浙江大学	Hello World	1	2
1817	2021	中区	69	总决赛名额争夺赛	太原工业学院	火线	南京理工大学	Alliance	0	2
1818	2021	中区	70	三四名决赛	东南大学	3SE	中国人民解放军国防科技大学	军临	0	3
1819	2021	中区	71	决赛	上海交通大学	云汉交龙	浙江大学	Hello World	3	0
1820	2021	总决赛	1	小组赛C	北京科技大学	Reborn	浙江大学	Hello World	0	2
1821	2021	总决赛	2	小组赛E	上海交通大学	云汉交龙	太原理工大学	TRoMaC	2	0
1822	2021	总决赛	3	小组赛F	大连交通大学	TOE	华南理工大学	普渡华南虎	0	2
1823	2021	总决赛	4	小组赛G	西北工业大学	纵维立方WMJ	哈尔滨工业大学	I Hiter	0	2
1824	2021	总决赛	5	小组赛A	南昌大学	Passion	哈尔滨工业大学（深圳）	南工骁鹰	0	2
1825	2021	总决赛	6	小组赛C	华南理工大学广州学院	野狼	安徽信息工程学院	Artisans	1	1
1826	2021	总决赛	7	小组赛D	上海工程技术大学	木鸢Birdiebot	深圳大学	RobotPilots	1	1
1827	2021	总决赛	8	小组赛F	哈尔滨工程大学	创梦之翼	哈尔滨工业大学（威海）	HERO	2	0
1828	2021	总决赛	9	小组赛H	杭州电子科技大学	PHOENIX	南方科技大学	ARTINX	0	2
1829	2021	总决赛	10	小组赛B	中国人民解放军国防科技大学	军临	北京理工大学（珠海）	高巨毅恒	0	2
1830	2021	总决赛	11	小组赛D	北京理工大学	Dream Chaser	东北大学	TDT	0	2
1831	2021	总决赛	12	小组赛E	中国石油大学（华东）	RPS	华北科技学院	风暴	2	0
1832	2021	总决赛	13	小组赛B	浙江纺织服装职业技术学院	Robofuture	大连理工大学	凌BUG	2	0
1833	2021	总决赛	14	小组赛A	哈尔滨工业大学（深圳）	南工骁鹰	广东工业大学	DynamicX	2	0
1834	2021	总决赛	15	小组赛F	哈尔滨工程大学	创梦之翼	华南理工大学	普渡华南虎	0	2
1835	2021	总决赛	16	小组赛C	浙江大学	Hello World	华南理工大学广州学院	野狼	2	0
1836	2021	总决赛	17	小组赛D	东北大学	TDT	上海工程技术大学	木鸢Birdiebot	2	0
1837	2021	总决赛	18	小组赛E	华北科技学院	风暴	上海交通大学	云汉交龙	0	2
1838	2021	总决赛	19	小组赛B	浙江纺织服装职业技术学院	Robofuture	北京理工大学（珠海）	高巨毅恒	0	2
1839	2021	总决赛	20	小组赛F	哈尔滨工业大学（威海）	HERO	大连交通大学	TOE	0	2
1840	2021	总决赛	21	小组赛H	南方科技大学	ARTINX	桂林理工大学	Stellaris	0	2
1841	2021	总决赛	22	小组赛G	中国石油大学（北京）	SPR	桂林电子科技大学	Evolution	0	2
1842	2021	总决赛	23	小组赛C	北京科技大学	Reborn	安徽信息工程学院	Artisans	2	0
1843	2021	总决赛	24	小组赛H	桂林理工大学	Stellaris	杭州电子科技大学	PHOENIX	2	0
1844	2021	总决赛	25	小组赛D	北京理工大学	Dream Chaser	深圳大学	RobotPilots	0	2
1845	2021	总决赛	26	小组赛E	中国石油大学（华东）	RPS	太原理工大学	TRoMaC	2	0
1846	2021	总决赛	27	小组赛B	大连理工大学	凌BUG	中国人民解放军国防科技大学	军临	1	1
1847	2021	总决赛	28	小组赛G	西北工业大学	纵维立方WMJ	桂林电子科技大学	Evolution	0	2
1848	2021	总决赛	29	小组赛A	广东工业大学	DynamicX	南昌大学	Passion	0	2
1849	2021	总决赛	30	小组赛G	哈尔滨工业大学	I Hiter	中国石油大学（北京）	SPR	2	0
1850	2021	总决赛	31	小组赛B	中国人民解放军国防科技大学	军临	浙江纺织服装职业技术学院	Robofuture	1	1
1851	2021	总决赛	32	小组赛C	安徽信息工程学院	Artisans	浙江大学	Hello World	0	2
1852	2021	总决赛	33	小组赛D	深圳大学	RobotPilots	东北大学	TDT	1	1
1853	2021	总决赛	34	小组赛E	上海交通大学	云汉交龙	中国石油大学（华东）	RPS	2	0
1854	2021	总决赛	35	小组赛F	大连交通大学	TOE	哈尔滨工程大学	创梦之翼	2	0
1855	2021	总决赛	36	小组赛G	桂林电子科技大学	Evolution	哈尔滨工业大学	I Hiter	0	2
1856	2021	总决赛	37	小组赛B	北京理工大学（珠海）	高巨毅恒	大连理工大学	凌BUG	2	0
1857	2021	总决赛	38	小组赛C	华南理工大学广州学院	野狼	北京科技大学	Reborn	0	2
1858	2021	总决赛	39	小组赛D	上海工程技术大学	木鸢Birdiebot	北京理工大学	Dream Chaser	2	0
1859	2021	总决赛	40	小组赛E	太原理工大学	TRoMaC	华北科技学院	风暴	1	1
1860	2021	总决赛	41	小组赛F	华南理工大学	普渡华南虎	哈尔滨工业大学（威海）	HERO	2	0
1861	2021	总决赛	42	小组赛G	中国石油大学（北京）	SPR	西北工业大学	纵维立方WMJ	0	2
1862	2021	总决赛	43	16进8淘汰赛	哈尔滨工业大学（深圳）	南工骁鹰	浙江纺织服装职业技术学院	Robofuture	1	0
1863	2021	总决赛	44	16进8淘汰赛	深圳大学	RobotPilots	浙江大学	Hello World	1	0
1864	2021	总决赛	45	16进8淘汰赛	上海交通大学	云汉交龙	大连交通大学	TOE	1	0
1865	2021	总决赛	46	16进8淘汰赛	南方科技大学	ARTINX	哈尔滨工业大学	I Hiter	0	1
1866	2021	总决赛	47	16 进 8 胜者组	哈尔滨工业大学（深圳）	南工骁鹰	深圳大学	RobotPilots	0	1
1867	2021	总决赛	48	16 进 8 胜者组	上海交通大学	云汉交龙	哈尔滨工业大学	I Hiter	1	0
1868	2021	总决赛	49	16 进 8 败者组第一轮	浙江纺织服装职业技术学院	Robofuture	浙江大学	Hello World	0	1
1869	2021	总决赛	50	16 进 8 败者组第一轮	大连交通大学	TOE	南方科技大学	ARTINX	1	0
1870	2021	总决赛	51	16 进 8 败者组第二轮	浙江大学	Hello World	哈尔滨工业大学	I Hiter	0	1
1871	2021	总决赛	52	16 进 8 败者组第二轮	哈尔滨工业大学（深圳）	南工骁鹰	大连交通大学	TOE	1	0
1872	2021	总决赛	53	16进8淘汰赛	南昌大学	Passion	北京理工大学（珠海）	高巨毅恒	0	1
1873	2021	总决赛	54	16进8淘汰赛	东北大学	TDT	北京科技大学	Reborn	1	0
1874	2021	总决赛	55	16进8淘汰赛	中国石油大学（华东）	RPS	华南理工大学	普渡华南虎	1	0
1875	2021	总决赛	56	16进8淘汰赛	桂林理工大学	Stellaris	桂林电子科技大学	Evolution	0	1
1876	2021	总决赛	57	16 进 8 胜者组	北京理工大学（珠海）	高巨毅恒	东北大学	TDT	0	1
1877	2021	总决赛	58	16 进 8 胜者组	中国石油大学（华东）	RPS	桂林电子科技大学	Evolution	1	0
1878	2021	总决赛	59	16 进 8 败者组第一轮	南昌大学	Passion	北京科技大学	Reborn	1	0
1879	2021	总决赛	60	16 进 8 败者组第一轮	华南理工大学	普渡华南虎	桂林理工大学	Stellaris	1	0
1880	2021	总决赛	61	16 进 8 败者组第二轮	南昌大学	Passion	桂林电子科技大学	Evolution	0	1
1881	2021	总决赛	62	16 进 8 败者组第二轮	北京理工大学（珠海）	高巨毅恒	华南理工大学	普渡华南虎	0	1
1882	2021	总决赛	63	8 进 4 胜者组	深圳大学	RobotPilots	上海交通大学	SJTU	0	1
1883	2021	总决赛	64	8 进 4 胜者组	东北大学	TDT	中国石油大学（华东）	RPS	1	0
1884	2021	总决赛	65	8 进 4 败者组第一轮	哈尔滨工业大学	I Hiter	哈尔滨工业大学（深圳）	南工骁鹰	1	0
1885	2021	总决赛	66	8 进 4 败者组第一轮	桂林电子科技大学	Evolution	华南理工大学	普渡华南虎	0	1
1886	2021	总决赛	67	8 进 4 败者组第二轮	哈尔滨工业大学	I Hiter	深圳大学	RobotPilots	1	0
1887	2021	总决赛	68	8 进 4 败者组第二轮	中国石油大学（华东）	RPS	华南理工大学	普渡华南虎	0	1
1888	2021	总决赛	69	半决赛	哈尔滨工业大学	I Hiter	东北大学	TDT	2	1
1889	2021	总决赛	70	半决赛	上海交通大学	云汉交龙	华南理工大学	普渡华南虎	2	1
1890	2021	总决赛	71	季军赛	东北大学	TDT	华南理工大学	普渡华南虎	0	2
1891	2021	总决赛	72	决赛	哈尔滨工业大学	I Hiter	上海交通大学	云汉交龙	1	2
1892	2022	南部赛区	1	小组赛A	东南大学	3SE	福建师范大学	Pikachu	2	0
1893	2022	南部赛区	2	小组赛B	东北大学	中鸿TDT	电子科技大学成都学院	微城市	2	0
1894	2022	南部赛区	3	小组赛C	桂林电子科技大学	Evolution	云南大学	Future	2	0
1895	2022	南部赛区	4	小组赛D	哈尔滨工业大学	I Hiter	西南民族大学	欣竹	2	0
1896	2022	南部赛区	5	小组赛E	太原理工大学	TRoMaC	五邑大学	IMCA	1	1
1897	2022	南部赛区	6	小组赛F	广州城市理工学院	双快智能野狼	桂林信息科技学院	兴禾GIRT	2	0
1898	2022	南部赛区	7	小组赛A	杭州电子科技大学	PHOENIX	西安电子科技大学	IRobot	2	0
1899	2022	南部赛区	8	小组赛B	厦门大学	RCS	华南农业大学	Taurus	0	2
1900	2022	南部赛区	9	小组赛C	厦门理工学院	PFA	华侨大学	EDR	2	0
1901	2022	南部赛区	10	小组赛D	闽江学院	FURY	宁波工程学院	New Legends	0	2
1902	2022	南部赛区	11	小组赛E	东莞理工学院	ACE	重庆三峡学院	LionHeart	0	2
1903	2022	南部赛区	12	小组赛F	福建工程学院	中维动力	深圳技术大学	悍匠	2	0
1904	2022	南部赛区	13	小组赛G	合肥工业大学宣城校区	WDR	西南交通大学	Helios	0	2
1905	2022	南部赛区	14	小组赛H	贵州师范学院	Jumper	华南师范大学	PIONEER	0	2
1906	2022	南部赛区	15	小组赛A	西安电子科技大学	IRobot	东南大学	3SE	2	0
1907	2022	南部赛区	16	小组赛B	华南农业大学	Taurus	东北大学	中鸿TDT	0	2
1908	2022	南部赛区	17	小组赛C	华侨大学	EDR	桂林电子科技大学	Evolution	0	2
1909	2022	南部赛区	18	小组赛D	宁波工程学院	New Legends	哈尔滨工业大学	I Hiter	0	2
1910	2022	南部赛区	19	小组赛E	重庆三峡学院	LionHeart	太原理工大学	TRoMaC	0	2
1911	2022	南部赛区	20	小组赛F	深圳技术大学	悍匠	广州城市理工学院	双快智能野狼	0	2
1912	2022	南部赛区	21	小组赛G	西南交通大学	Helios	佛山科学技术学院	醒狮	0	2
1913	2022	南部赛区	22	小组赛H	华南师范大学	PIONEER	华中科技大学	狼牙	0	2
1914	2022	南部赛区	23	小组赛A	杭州电子科技大学	PHOENIX	福建师范大学	Pikachu	2	0
1915	2022	南部赛区	24	小组赛B	厦门大学	RCS	电子科技大学成都学院	微城市	0	2
1916	2022	南部赛区	25	小组赛C	厦门理工学院	PFA	云南大学	Future	0	2
1917	2022	南部赛区	26	小组赛D	闽江学院	FURY	西南民族大学	欣竹	1	1
1918	2022	南部赛区	27	小组赛E	东莞理工学院	ACE	五邑大学	IMCA	0	2
1919	2022	南部赛区	28	小组赛F	福建工程学院	中维动力	桂林信息科技学院	兴禾GIRT	0	2
1920	2022	南部赛区	29	小组赛A	东南大学	3SE	杭州电子科技大学	PHOENIX	0	2
1921	2022	南部赛区	30	小组赛B	东北大学	中鸿TDT	厦门大学	RCS	2	0
1922	2022	南部赛区	31	小组赛C	桂林电子科技大学	Evolution	厦门理工学院	PFA	2	0
1923	2022	南部赛区	32	小组赛D	哈尔滨工业大学	I Hiter	闽江学院	FURY	2	0
1924	2022	南部赛区	33	小组赛E	太原理工大学	TRoMaC	东莞理工学院	ACE	2	0
1925	2022	南部赛区	34	小组赛F	广州城市理工学院	双快智能野狼	福建工程学院	中维动力	2	0
1926	2022	南部赛区	35	小组赛G	佛山科学技术学院	醒狮	合肥工业大学宣城校区	WDR	2	0
1927	2022	南部赛区	36	小组赛H	华中科技大学	狼牙	贵州师范学院	Jumper	2	0
1928	2022	南部赛区	37	小组赛A	福建师范大学	Pikachu	西安电子科技大学	IRobot	0	2
1929	2022	南部赛区	38	小组赛B	电子科技大学成都学院	微城市	华南农业大学	Taurus	1	1
1930	2022	南部赛区	39	小组赛C	云南大学	Future	华侨大学	EDR	2	0
1931	2022	南部赛区	40	小组赛D	西南民族大学	欣竹	宁波工程学院	New Legends	0	2
1932	2022	南部赛区	41	小组赛E	五邑大学	IMCA	重庆三峡学院	LionHeart	2	0
1933	2022	南部赛区	42	小组赛F	桂林信息科技学院	兴禾GIRT	深圳技术大学	悍匠	2	0
1934	2022	南部赛区	43	16进8淘汰赛	杭州电子科技大学	PHOENIX	华南农业大学	Taurus	0	2
1935	2022	南部赛区	44	16进8淘汰赛	宁波工程学院	New Legends	桂林电子科技大学	Evolution	0	2
1936	2022	南部赛区	45	16进8淘汰赛	五邑大学	IMCA	桂林信息科技学院	兴禾GIRT	0	2
1937	2022	南部赛区	46	16进8淘汰赛	华南师范大学	PIONEER	佛山科学技术学院	醒狮	2	0
1938	2022	南部赛区	47	16进8淘汰赛	西安电子科技大学	IRobot	东北大学	中鸿TDT	0	2
1939	2022	南部赛区	48	16进8淘汰赛	哈尔滨工业大学	I Hiter	云南大学	Future	2	0
1940	2022	南部赛区	49	16进8淘汰赛	太原理工大学	TRoMaC	广州城市理工学院	双快智能野狼	0	2
1941	2022	南部赛区	50	16进8淘汰赛	华中科技大学	狼牙	西南交通大学	Helios	2	1
1942	2022	南部赛区	51	8进4淘汰赛	华南农业大学	Taurus	桂林电子科技大学	Evolution	0	2
1943	2022	南部赛区	52	8进4淘汰赛	桂林信息科技学院	兴禾GIRT	华南师范大学	PIONEER	2	1
1944	2022	南部赛区	53	8进4淘汰赛	东北大学	中鸿TDT	哈尔滨工业大学	I Hiter	2	0
1945	2022	南部赛区	54	8进4淘汰赛	广州城市理工学院	双快智能野狼	华中科技大学	狼牙	2	0
1946	2022	南部赛区	55	晋级名额争夺战（9-16）	杭州电子科技大学	PHOENIX	宁波工程学院	New Legends	2	0
1947	2022	南部赛区	56	晋级名额争夺战（9-16）	五邑大学	IMCA	佛山科学技术学院	醒狮	0	2
1948	2022	南部赛区	57	晋级名额争夺战（9-16）	西安电子科技大学	IRobot	云南大学	Future	2	0
1949	2022	南部赛区	58	晋级名额争夺战（9-16）	太原理工大学	TRoMaC	西南交通大学	Helios	0	2
1950	2022	南部赛区	59	晋级名额争夺战（9-12）	杭州电子科技大学	PHOENIX	佛山科学技术学院	醒狮	2	0
1951	2022	南部赛区	60	晋级名额争夺战（9-12）	西安电子科技大学	IRobot	西南交通大学	Helios	2	1
1952	2022	南部赛区	61	晋级名额争夺战（13-16）	宁波工程学院	New Legends	五邑大学	IMCA	0	2
1953	2022	南部赛区	62	晋级名额争夺战（13-16）	云南大学	Future	太原理工大学	TRoMaC	0	2
1954	2022	南部赛区	63	半决赛	桂林电子科技大学	Evolution	桂林信息科技学院	兴禾GIRT	2	1
1955	2022	南部赛区	64	半决赛	东北大学	中鸿TDT	广州城市理工学院	双快智能野狼	2	0
1956	2022	南部赛区	65	晋级名额争夺战（13-14）	五邑大学	IMCA	太原理工大学	TRoMaC	2	0
1957	2022	南部赛区	66	晋级名额争夺战（9-10）	杭州电子科技大学	PHOENIX	西安电子科技大学	IRobot	2	1
1958	2022	南部赛区	67	季军争夺战	桂林信息科技学院	兴禾GIRT	广州城市理工学院	双快智能野狼	1	3
1959	2022	南部赛区	68	冠军争夺战	桂林电子科技大学	Evolution	东北大学	中鸿TDT	0	3
1960	2022	邀请赛	1	邀请赛	河北轨道运输职业技术学院	奇点智联	广东交通职业技术学院	擎天	2	0
1961	2022	邀请赛	2	邀请赛	湘潭大学	PathFinder	宁波诺丁汉大学	Lancet	1	1
1962	2022	邀请赛	3	邀请赛	福建农林大学	云图创智零七一	桂林理工大学	Stellaris	0	2
1963	2022	邀请赛	4	邀请赛	湘潭大学	PathFinder	广东交通职业技术学院	擎天	1	1
1964	2022	邀请赛	5	邀请赛	宁波诺丁汉大学	Lancet	福建农林大学	云图创智零七一	0	2
1965	2022	邀请赛	6	邀请赛	集美大学诚毅学院	潜渊	桂林理工大学	Stellaris	0	2
1966	2022	邀请赛	7	邀请赛	湘潭大学	PathFinder	集美大学诚毅学院	潜渊	1	1
1967	2022	邀请赛	8	邀请赛	河北轨道运输职业技术学院	奇点智联	福建农林大学	云图创智零七一	2	0
1968	2022	邀请赛	9	邀请赛	广东交通职业技术学院	擎天	桂林理工大学	Stellaris	0	2
1969	2022	邀请赛	10	邀请赛	宁波诺丁汉大学	Lancet	集美大学诚毅学院	潜渊	0	2
1970	2022	中部赛区	1	小组赛A	华南理工大学	松灵华南虎	山东理工大学	齐奇	1	1
1971	2022	中部赛区	2	小组赛B	太原工业学院	火线	江西理工大学	乘风	1	1
1972	2022	中部赛区	3	小组赛C	大连交通大学	纵维立方TOE	中南大学	FYT	2	0
1973	2022	中部赛区	4	小组赛D	中国石油大学（华东）	能特异RPS	中国人民解放军国防科技大学	军临	2	0
1974	2022	中部赛区	5	小组赛E	哈尔滨工业大学（深圳）	南工骁鹰	南京航空航天大学	长空御风	0	2
1975	2022	中部赛区	6	小组赛F	中国石油大学（北京）	SPR	中北大学	606	2	0
1976	2022	中部赛区	7	小组赛G	深圳大学	松灵RobotPilots	首都师范大学	PIE	2	0
1977	2022	中部赛区	8	小组赛H	北京理工大学（珠海）	高巨毅恒	东北大学秦皇岛分校	英联sudo	2	0
1978	2022	中部赛区	9	小组赛A	吉林大学	TARS_Go	重庆理工大学	士继 DREAMER	0	2
1979	2022	中部赛区	10	小组赛B	南华大学	MA	江苏大学	FIVE PINES	0	2
1980	2022	中部赛区	11	小组赛C	湖北工业大学	力创RM	新乡学院	电创	1	1
1981	2022	中部赛区	12	小组赛D	东北林业大学	Ares	广东工业大学	DynamicX	2	0
1982	2022	中部赛区	13	小组赛E	仲恺农业工程学院	奇点	长安大学	VGD	2	0
1983	2022	中部赛区	14	小组赛F	天津大学	北洋机甲	合肥工业大学	苍穹	2	0
1984	2022	中部赛区	15	小组赛G	西安交通大学	笃行	华北理工大学	Horizon	1	1
1985	2022	中部赛区	16	小组赛H	安徽信息工程学院	Artisans	电子科技大学中山学院	RoboBraver	1	1
1986	2022	中部赛区	17	小组赛A	重庆理工大学	士继 DREAMER	华南理工大学	松灵华南虎	0	2
1987	2022	中部赛区	18	小组赛B	江苏大学	FIVE PINES	太原工业学院	火线	0	2
1988	2022	中部赛区	19	小组赛C	新乡学院	电创	大连交通大学	纵维立方TOE	0	2
1989	2022	中部赛区	20	小组赛D	广东工业大学	DynamicX	中国石油大学（华东）	能特异RPS	0	2
1990	2022	中部赛区	21	小组赛E	长安大学	VGD	哈尔滨工业大学（深圳）	南工骁鹰	0	2
1991	2022	中部赛区	22	小组赛F	合肥工业大学	苍穹	中国石油大学（北京）	SPR	0	2
1992	2022	中部赛区	23	小组赛G	华北理工大学	Horizon	深圳大学	松灵RobotPilots	0	2
1993	2022	中部赛区	24	小组赛H	电子科技大学中山学院	RoboBraver	北京理工大学（珠海）	高巨毅恒	2	0
1994	2022	中部赛区	25	小组赛A	吉林大学	TARS_Go	山东理工大学	齐奇	2	0
1995	2022	中部赛区	26	小组赛B	南华大学	MA	江西理工大学	乘风	0	2
1996	2022	中部赛区	27	小组赛C	湖北工业大学	力创RM	中南大学	FYT	0	2
1997	2022	中部赛区	28	小组赛D	东北林业大学	Ares	中国人民解放军国防科技大学	军临	1	1
1998	2022	中部赛区	29	小组赛E	仲恺农业工程学院	奇点	南京航空航天大学	长空御风	0	2
1999	2022	中部赛区	30	小组赛F	天津大学	北洋机甲	中北大学	606	2	0
2000	2022	中部赛区	31	小组赛G	西安交通大学	笃行	首都师范大学	PIE	2	0
2001	2022	中部赛区	32	小组赛H	安徽信息工程学院	Artisans	东北大学秦皇岛分校	英联sudo	2	0
2002	2022	中部赛区	33	小组赛A	华南理工大学	松灵华南虎	吉林大学	TARS_Go	2	0
2003	2022	中部赛区	34	小组赛B	太原工业学院	火线	南华大学	MA	2	0
2004	2022	中部赛区	35	小组赛C	大连交通大学	纵维立方TOE	湖北工业大学	力创RM	2	0
2005	2022	中部赛区	36	小组赛D	中国石油大学（华东）	能特异RPS	东北林业大学	Ares	2	0
2006	2022	中部赛区	37	小组赛E	哈尔滨工业大学（深圳）	南工骁鹰	仲恺农业工程学院	奇点	2	0
2007	2022	中部赛区	38	小组赛F	中国石油大学（北京）	SPR	天津大学	北洋机甲	2	0
2008	2022	中部赛区	39	小组赛G	深圳大学	松灵RobotPilots	西安交通大学	笃行	2	0
2009	2022	中部赛区	40	小组赛H	北京理工大学（珠海）	高巨毅恒	安徽信息工程学院	Artisans	2	0
2010	2022	中部赛区	41	小组赛A	山东理工大学	齐奇	重庆理工大学	士继 DREAMER	0	2
2011	2022	中部赛区	42	小组赛B	江西理工大学	乘风	江苏大学	FIVE PINES	2	0
2012	2022	中部赛区	43	小组赛C	中南大学	FYT	新乡学院	电创	2	0
2013	2022	中部赛区	44	小组赛D	中国人民解放军国防科技大学	军临	广东工业大学	DynamicX	2	0
2014	2022	中部赛区	45	小组赛E	南京航空航天大学	长空御风	长安大学	VGD	2	0
2015	2022	中部赛区	46	小组赛F	中北大学	606	合肥工业大学	苍穹	0	2
2016	2022	中部赛区	47	小组赛G	首都师范大学	PIE	华北理工大学	Horizon	0	2
2017	2022	中部赛区	48	小组赛H	东北大学秦皇岛分校	英联sudo	电子科技大学中山学院	RoboBraver	1	1
2018	2022	中部赛区	49	16进8淘汰赛	华南理工大学	松灵华南虎	江西理工大学	乘风	2	0
2019	2022	中部赛区	50	16进8淘汰赛	东北林业大学	Ares	大连交通大学	纵维立方TOE	0	2
2020	2022	中部赛区	51	16进8淘汰赛	南京航空航天大学	长空御风	天津大学	北洋机甲	2	0
2021	2022	中部赛区	52	16进8淘汰赛	电子科技大学中山学院	RoboBraver	深圳大学	松灵RobotPilots	0	2
2022	2022	中部赛区	53	16进8淘汰赛	重庆理工大学	士继 DREAMER	太原工业学院	火线	0	2
2023	2022	中部赛区	54	16进8淘汰赛	中国石油大学（华东）	能特异RPS	中南大学	FYT	2	1
2024	2022	中部赛区	55	16进8淘汰赛	哈尔滨工业大学（深圳）	南工骁鹰	中国石油大学（北京）	SPR	2	0
2025	2022	中部赛区	56	16进8淘汰赛	北京理工大学（珠海）	高巨毅恒	西安交通大学	笃行	0	2
2026	2022	中部赛区	57	8进4淘汰赛	华南理工大学	松灵华南虎	大连交通大学	纵维立方TOE	2	1
2027	2022	中部赛区	58	8进4淘汰赛	南京航空航天大学	长空御风	深圳大学	松灵RobotPilots	0	2
2028	2022	中部赛区	59	8进4淘汰赛	太原工业学院	火线	中国石油大学（华东）	能特异RPS	0	2
2029	2022	中部赛区	60	8进4淘汰赛	哈尔滨工业大学（深圳）	南工骁鹰	西安交通大学	笃行	2	1
2030	2022	中部赛区	61	晋级名额争夺战（9-16）	江西理工大学	乘风	东北林业大学	Ares	0	2
2031	2022	中部赛区	62	晋级名额争夺战（9-16）	天津大学	北洋机甲	电子科技大学中山学院	RoboBraver	2	0
2032	2022	中部赛区	63	晋级名额争夺战（9-16）	重庆理工大学	士继 DREAMER	中南大学	FYT	2	0
2033	2022	中部赛区	64	晋级名额争夺战（9-16）	中国石油大学（北京）	SPR	北京理工大学（珠海）	高巨毅恒	0	2
2034	2022	中部赛区	65	晋级名额争夺战（9-12）	东北林业大学	Ares	天津大学	北洋机甲	2	0
2035	2022	中部赛区	66	晋级名额争夺战（9-12）	中南大学	FYT	北京理工大学（珠海）	高巨毅恒	2	0
2036	2022	中部赛区	67	晋级名额争夺战（13-16）	江西理工大学	乘风	电子科技大学中山学院	RoboBraver	0	2
2037	2022	中部赛区	68	晋级名额争夺战（13-16）	重庆理工大学	士继 DREAMER	中国石油大学（北京）	SPR	0	2
2038	2022	中部赛区	69	半决赛	华南理工大学	松灵华南虎	深圳大学	松灵RobotPilots	2	1
2039	2022	中部赛区	70	半决赛	中国石油大学（华东）	能特异RPS	哈尔滨工业大学（深圳）	南工骁鹰	2	0
2040	2022	中部赛区	71	晋级名额争夺战（11-12）	天津大学	北洋机甲	北京理工大学（珠海）	高巨毅恒	2	0
2041	2022	中部赛区	72	晋级名额争夺战（15-16）	江西理工大学	乘风	重庆理工大学	士继 DREAMER	2	1
2042	2022	中部赛区	73	季军争夺战	深圳大学	松灵RobotPilots	哈尔滨工业大学（深圳）	南工骁鹰	3	0
2043	2022	中部赛区	74	冠军争夺战	华南理工大学	松灵华南虎	中国石油大学（华东）	能特异RPS	2	3
2044	2022	东部赛区	1	小组赛A	浙江大学	Hello World	辽宁科技大学	COD	1	1
2045	2022	东部赛区	2	小组赛D	哈尔滨工程大学	Nooploop创梦之翼	四川大学	磁海火锅	2	0
2046	2022	东部赛区	3	小组赛H	南京理工大学	Alliance	南京航空航天大学金城学院	Born of Fire	1	1
2047	2022	东部赛区	4	小组赛B	华北科技学院	风暴	上海科技大学	Magician	2	0
2048	2022	东部赛区	5	小组赛C	南昌大学	Passion	太原科技大学	NewMaker	0	2
2049	2022	东部赛区	6	小组赛E	上海交通大学	云汉交龙	大连理工大学	凌BUG	2	0
2050	2022	东部赛区	7	小组赛F	西北工业大学	WMJ	武汉工程大学	Nautilus	2	0
2051	2022	东部赛区	8	小组赛G	浙江纺织服装职业技术学院	Robofuture	中国矿业大学	CUBOT	2	0
2052	2022	东部赛区	9	小组赛A	辽宁科技大学	COD	常州大学	Climber	2	0
2053	2022	东部赛区	10	小组赛D	四川大学	磁海火锅	西交利物浦大学	GMaster	0	2
2054	2022	东部赛区	11	小组赛H	南京航空航天大学金城学院	Born of Fire	东华大学	DIODE	0	2
2055	2022	东部赛区	12	小组赛A	西南石油大学	铁人	浙江大学	Hello World	0	2
2056	2022	东部赛区	13	小组赛D	沈阳航空航天大学	TUP	哈尔滨工程大学	Nooploop创梦之翼	0	2
2057	2022	东部赛区	14	小组赛H	湖南大学	跃鹿	南京理工大学	Alliance	0	2
2058	2022	东部赛区	15	小组赛B	上海科技大学	Magician	哈尔滨工业大学（威海）	HERO	0	2
2059	2022	东部赛区	16	小组赛C	太原科技大学	NewMaker	南方科技大学	ARTINX	2	0
2060	2022	东部赛区	17	小组赛E	大连理工大学	凌BUG	山东科技大学	SmartRobot	1	1
2061	2022	东部赛区	18	小组赛F	武汉工程大学	Nautilus	防灾科技学院	思玄	2	0
2062	2022	东部赛区	19	小组赛G	中国矿业大学	CUBOT	上海工程技术大学	木鸢Birdiebot	1	1
2063	2022	东部赛区	20	小组赛A	西南石油大学	铁人	常州大学	Climber	1	1
2064	2022	东部赛区	21	小组赛D	沈阳航空航天大学	TUP	西交利物浦大学	GMaster	0	2
2065	2022	东部赛区	22	小组赛H	湖南大学	跃鹿	东华大学	DIODE	1	1
2066	2022	东部赛区	23	小组赛B	哈尔滨工业大学（威海）	HERO	华北科技学院	风暴	0	2
2067	2022	东部赛区	24	小组赛C	南方科技大学	ARTINX	南昌大学	Passion	0	2
2068	2022	东部赛区	25	小组赛A	辽宁科技大学	COD	西南石油大学	铁人	0	2
2069	2022	东部赛区	26	小组赛D	四川大学	磁海火锅	沈阳航空航天大学	TUP	0	2
2070	2022	东部赛区	27	小组赛H	南京航空航天大学金城学院	Born of Fire	湖南大学	跃鹿	2	0
2071	2022	东部赛区	28	小组赛A	常州大学	Climber	浙江大学	Hello World	0	2
2072	2022	东部赛区	29	小组赛D	西交利物浦大学	GMaster	哈尔滨工程大学	Nooploop创梦之翼	0	2
2073	2022	东部赛区	30	小组赛H	东华大学	DIODE	南京理工大学	Alliance	0	2
2074	2022	东部赛区	31	小组赛E	山东科技大学	SmartRobot	上海交通大学	云汉交龙	0	2
2075	2022	东部赛区	32	小组赛F	防灾科技学院	思玄	西北工业大学	WMJ	1	1
2076	2022	东部赛区	33	小组赛G	上海工程技术大学	木鸢Birdiebot	浙江纺织服装职业技术学院	Robofuture	2	0
2077	2022	东部赛区	34	16进8淘汰赛	浙江大学	Hello World	哈尔滨工业大学（威海）	HERO	2	0
2078	2022	东部赛区	35	16进8淘汰赛	西交利物浦大学	GMaster	太原科技大学	NewMaker	2	1
2079	2022	东部赛区	36	16进8淘汰赛	上海交通大学	云汉交龙	武汉工程大学	Nautilus	2	0
2080	2022	东部赛区	37	16进8淘汰赛	南京航空航天大学金城学院	Born of Fire	上海工程技术大学	木鸢Birdiebot	0	2
2081	2022	东部赛区	38	16进8淘汰赛	西南石油大学	铁人	华北科技学院	风暴	2	0
2082	2022	东部赛区	39	16进8淘汰赛	哈尔滨工程大学	Nooploop创梦之翼	南昌大学	Passion	2	0
2083	2022	东部赛区	40	16进8淘汰赛	山东科技大学	SmartRobot	西北工业大学	WMJ	2	0
2084	2022	东部赛区	41	16进8淘汰赛	南京理工大学	Alliance	浙江纺织服装职业技术学院	Robofuture	0	2
2085	2022	东部赛区	42	8进4淘汰赛	浙江大学	Hello World	西交利物浦大学	GMaster	2	0
2086	2022	东部赛区	43	8进4淘汰赛	上海交通大学	云汉交龙	上海工程技术大学	木鸢Birdiebot	2	0
2087	2022	东部赛区	44	8进4淘汰赛	西南石油大学	铁人	哈尔滨工程大学	Nooploop创梦之翼	0	2
2088	2022	东部赛区	45	8进4淘汰赛	山东科技大学	SmartRobot	浙江纺织服装职业技术学院	Robofuture	2	1
2089	2022	东部赛区	46	晋级名额争夺战（9-16）	哈尔滨工业大学（威海）	HERO	太原科技大学	NewMaker	0	2
2090	2022	东部赛区	47	晋级名额争夺战（9-16）	武汉工程大学	Nautilus	南京航空航天大学金城学院	Born of Fire	2	1
2091	2022	东部赛区	48	晋级名额争夺战（9-16）	华北科技学院	风暴	南昌大学	Passion	0	2
2092	2022	东部赛区	49	晋级名额争夺战（9-16）	西北工业大学	WMJ	南京理工大学	Alliance	0	2
2093	2022	东部赛区	50	晋级名额争夺战（13-16）	哈尔滨工业大学（威海）	HERO	南京航空航天大学金城学院	Born of Fire	2	1
2094	2022	东部赛区	51	晋级名额争夺战（13-16）	华北科技学院	风暴	西北工业大学	WMJ	1	2
2095	2022	东部赛区	52	半决赛	浙江大学	Hello World	上海交通大学	云汉交龙	2	0
2096	2022	东部赛区	53	半决赛	哈尔滨工程大学	Nooploop创梦之翼	山东科技大学	SmartRobot	2	0
2097	2022	东部赛区	54	季军争夺战	上海交通大学	云汉交龙	山东科技大学	SmartRobot	3	1
2098	2022	东部赛区	55	冠军争夺战	浙江大学	Hello World	哈尔滨工程大学	Nooploop创梦之翼	0	3
2099	2023	中部	1	小组赛A	哈尔滨工业大学	IHiter	电子科技大学中山学院	RoboBraver	2	0
2100	2023	中部	1	邀请	东莞理工学院	ACE	福建农林大学	零七一	2	0
2101	2023	中部	2	小组赛B	杭州电子科技大学	PHOENIX	武汉工程大学	Nautilus	0	2
2102	2023	中部	2	邀请	江苏科技大学	HLL	西安理工大学	NEXT E	0	2
2103	2023	中部	3	小组赛C	厦门大学嘉庚学院	TCR	桂林电子科技大学	Evolution	0	2
2104	2023	中部	3	邀请	西安理工大学	NEXT E	东莞理工学院	ACE	0	2
2105	2023	中部	4	小组赛D	重庆理工大学	星渝士继	东南大学	3SE	0	2
2106	2023	中部	4	邀请	福建农林大学	零七一	江苏科技大学	HLL	2	0
2107	2023	中部	5	小组赛E	浙江纺织服装职业技术学院	Robofuture	合肥工业大学	苍穹	0	2
2108	2023	中部	5	邀请	东莞理工学院	ACE	江苏科技大学	HLL	2	0
2109	2023	中部	6	邀请	西安理工大学	NEXT E	福建农林大学	零七一	1	1
2110	2023	中部	6	小组赛F	西北工业大学	WMJ	天津大学	北洋机甲	2	0
2111	2023	中部	7	小组赛G	西南交通大学	Helios	南昌大学	Passion	0	2
2112	2023	中部	8	小组赛H	桂林信息科技学院	GIRT	上海工程技术大学	木鸢Birdiebot	0	2
2113	2023	中部	9	小组赛A	安徽信息工程学院	Artisans	四川大学	火锅	1	1
2114	2023	中部	10	小组赛B	华北科技学院	风暴	同济大学	SuperPower	2	0
2115	2023	中部	11	小组赛C	宁波工程学院	New Legends	广东工业大学	DynamicX	0	2
2116	2023	中部	12	小组赛D	常州大学	Climber	大连理工大学	凌BUG	1	1
2117	2023	中部	13	小组赛E	西安电子科技大学	IRobot	北京林业大学-北京信息科技大学	Sirius	2	0
2118	2023	中部	14	小组赛F	南京航空航天大学	长空御风	哈尔滨工业大学（威海）	HERO	0	2
2119	2023	中部	15	小组赛G	福建工程学院	苍侠	中国矿业大学	CUBOT	0	2
2120	2023	中部	16	小组赛H	福建师范大学	Pikachu	西南石油大学	铁人	0	2
2121	2023	中部	17	小组赛A	四川大学	火锅	哈尔滨工业大学	IHiter	0	2
2122	2023	中部	18	小组赛B	同济大学	SuperPower	杭州电子科技大学	PHOENIX	1	1
2123	2023	中部	19	小组赛C	桂林电子科技大学	Evolution	宁波工程学院	New Legends	2	0
2124	2023	中部	20	小组赛D	东南大学	3SE	常州大学	Climber	2	0
2125	2023	中部	21	小组赛E	北京林业大学-北京信息科技大学	Sirius	浙江纺织服装职业技术学院	Robofuture	2	0
2126	2023	中部	22	小组赛F	哈尔滨工业大学（威海）	HERO	西北工业大学	WMJ	1	1
2127	2023	中部	23	小组赛G	南昌大学	Passion	福建工程学院	苍侠	2	0
2128	2023	中部	24	小组赛H	上海工程技术大学	木鸢Birdiebot	福建师范大学	Pikachu	2	0
2129	2023	中部	25	小组赛A	安徽信息工程学院	Artisans	电子科技大学中山学院	RoboBraver	0	2
2130	2023	中部	26	小组赛B	华北科技学院	风暴	武汉工程大学	Nautilus	0	2
2131	2023	中部	27	小组赛C	厦门大学嘉庚学院	TCR	广东工业大学	DynamicX	0	2
2132	2023	中部	28	小组赛D	重庆理工大学	星渝士继	大连理工大学	凌BUG	0	2
2133	2023	中部	29	小组赛E	西安电子科技大学	IRobot	合肥工业大学	苍穹	2	0
2134	2023	中部	30	小组赛F	南京航空航天大学	长空御风	天津大学	北洋机甲	2	0
2135	2023	中部	31	小组赛G	西南交通大学	Helios	中国矿业大学	CUBOT	1	1
2136	2023	中部	32	小组赛H	桂林信息科技学院	GIRT	西南石油大学	铁人	2	0
2137	2023	中部	33	小组赛A	哈尔滨工业大学	IHiter	安徽信息工程学院	Artisans	2	0
2138	2023	中部	34	小组赛B	杭州电子科技大学	PHOENIX	华北科技学院	风暴	1	1
2139	2023	中部	35	小组赛C	广东工业大学	DynamicX	桂林电子科技大学	Evolution	0	2
2140	2023	中部	36	小组赛D	大连理工大学	凌BUG	东南大学	3SE	1	1
2141	2023	中部	37	小组赛E	浙江纺织服装职业技术学院	Robofuture	西安电子科技大学	IRobot	1	1
2142	2023	中部	38	小组赛F	西北工业大学	WMJ	南京航空航天大学	长空御风	0	2
2143	2023	中部	39	小组赛G	中国矿业大学	CUBOT	南昌大学	Passion	1	1
2144	2023	中部	40	小组赛H	西南石油大学	铁人	上海工程技术大学	木鸢Birdiebot	0	2
2145	2023	中部	41	小组赛A	电子科技大学中山学院	RoboBraver	四川大学	火锅	2	0
2146	2023	中部	42	小组赛B	武汉工程大学	Nautilus	同济大学	SuperPower	2	0
2147	2023	中部	43	小组赛C	宁波工程学院	New Legends	厦门大学嘉庚学院	TCR	2	0
2148	2023	中部	44	小组赛D	常州大学	Climber	重庆理工大学	星渝士继	2	0
2149	2023	中部	45	小组赛E	合肥工业大学	苍穹	北京林业大学-北京信息科技大学	Sirius	0	2
2150	2023	中部	46	小组赛F	天津大学	北洋机甲	哈尔滨工业大学（威海）	HERO	0	2
2151	2023	中部	47	小组赛G	福建工程学院	苍侠	西南交通大学	Helios	1	1
2152	2023	中部	48	小组赛H	福建师范大学	Pikachu	桂林信息科技学院	GIRT	1	1
2153	2023	中部	49	16进8淘汰赛	哈尔滨工业大学	IHiter	华北科技学院	风暴	2	1
2154	2023	中部	50	16进8淘汰赛	大连理工大学	凌BUG	桂林电子科技大学	Evolution	1	2
2155	2023	中部	51	16进8淘汰赛	西安电子科技大学	IRobot	南京航空航天大学	长空御风	2	0
2156	2023	中部	52	16进8淘汰赛	桂林信息科技学院	GIRT	南昌大学	Passion	1	2
2157	2023	中部	53	16进8淘汰赛	武汉工程大学	Nautilus	电子科技大学中山学院	RoboBraver	2	1
2158	2023	中部	54	16进8淘汰赛	广东工业大学	DynamicX	东南大学	3SE	2	1
2159	2023	中部	55	16进8淘汰赛	哈尔滨工业大学（威海）	HERO	北京林业大学-北京信息科技大学	Sirius	2	0
2160	2023	中部	56	16进8淘汰赛	中国矿业大学	CUBOT	上海工程技术大学	木鸢Birdiebot	1	2
2161	2023	中部	57	全国赛名额争夺（9-16名）	大连理工大学	凌BUG	电子科技大学中山学院	RoboBraver	0	2
2162	2023	中部	58	全国赛名额争夺（9-16名）	华北科技学院	风暴	东南大学	3SE	0	2
2163	2023	中部	59	全国赛名额争夺（9-16名）	桂林信息科技学院	GIRT	北京林业大学-北京信息科技大学	Sirius	2	0
2164	2023	中部	60	全国赛名额争夺（9-16名）	南京航空航天大学	长空御风	中国矿业大学	CUBOT	1	2
2165	2023	中部	61	8进4淘汰赛	桂林电子科技大学	Evolution	武汉工程大学	Nautilus	2	0
2166	2023	中部	62	8进4淘汰赛	哈尔滨工业大学	IHiter	广东工业大学	DynamicX	2	1
2167	2023	中部	63	8进4淘汰赛	南昌大学	Passion	哈尔滨工业大学（威海）	HERO	2	0
2168	2023	中部	64	8进4淘汰赛	西安电子科技大学	IRobot	上海工程技术大学	木鸢Birdiebot	0	2
2169	2023	中部	65	全国赛名额争夺（9-12名）	电子科技大学中山学院	RoboBraver	桂林信息科技学院	GIRT	2	1
2170	2023	中部	66	全国赛名额争夺（9-12名）	东南大学	3SE	中国矿业大学	CUBOT	0	2
2171	2023	中部	67	复活赛名额争夺（13-16名）	大连理工大学	凌BUG	北京林业大学-北京信息科技大学	Sirius	2	0
2172	2023	中部	68	复活赛名额争夺（13-16名）	华北科技学院	风暴	南京航空航天大学	长空御风	1	2
2173	2023	中部	69	半决赛	桂林电子科技大学	Evolution	南昌大学	Passion	2	1
2174	2023	中部	70	半决赛	哈尔滨工业大学	IHiter	上海工程技术大学	木鸢Birdiebot	2	0
2175	2023	中部	71	全国赛名额争夺（9-10名）	电子科技大学中山学院	RoboBraver	中国矿业大学	CUBOT	1	2
2176	2023	中部	72	复活赛名额争夺（15-16名）	北京林业大学-北京信息科技大学	Sirius	华北科技学院	风暴	0	2
2177	2023	中部	73	季军争夺战	南昌大学	Passion	上海工程技术大学	木鸢Birdiebot	0	3
2178	2023	中部	74	冠军争夺战	桂林电子科技大学	Evolution	哈尔滨工业大学	IHiter	2	3
2179	2023	南部	1	小组赛A	哈尔滨工业大学（深圳）	南工骁鹰	湖北工业大学	力创RM	0	2
2180	2023	南部	2	小组赛B	北京理工大学（珠海）	毅恒	桂林理工大学	群星	1	1
2181	2023	南部	3	小组赛C	江西理工大学	乘风	华南理工大学	华南虎	0	2
2182	2023	南部	4	小组赛D	华侨大学	EDR	西安交通大学	笃行	0	2
2183	2023	南部	5	小组赛E	深圳大学	RobotPilots	茅台学院	MTI	2	0
2184	2023	南部	6	小组赛F	广州城市理工学院	野狼	重庆大学	MechaX	2	0
2185	2023	南部	7	小组赛G	深圳技术大学	悍匠	上海交通大学	交龙	0	2
2186	2023	南部	8	小组赛H	上海大学	SRM	大连交通大学	TOE	0	2
2187	2023	南部	9	小组赛A	中南大学	FYT	南华大学	MA	2	0
2188	2023	南部	10	小组赛B	南方科技大学	ARTINX	仲恺农业工程学院	奇点	2	0
2189	2023	南部	11	小组赛C	湖南大学	跃鹿	华中科技大学	狼牙	1	1
2190	2023	南部	12	小组赛D	厦门理工学院	PFA	华南师范大学	PIONEER	0	2
2191	2023	南部	13	小组赛E	中国人民解放军国防科技大学	军临	上海科技大学	Magician	2	0
2192	2023	南部	14	小组赛F	佛山科学技术学院	醒狮	江苏大学	FIVE PINES	1	1
2193	2023	南部	15	小组赛G	中国科学技术大学	RoboWalker	华南农业大学	Taurus	0	2
2194	2023	南部	16	小组赛H	厦门大学	RCS	五邑大学	IMCA	0	2
2195	2023	南部	17	小组赛A	南华大学	MA	哈尔滨工业大学（深圳）	南工骁鹰	0	2
2196	2023	南部	18	小组赛B	仲恺农业工程学院	奇点	北京理工大学（珠海）	毅恒	0	2
2197	2023	南部	19	小组赛C	华南理工大学	华南虎	湖南大学	跃鹿	1	1
2198	2023	南部	20	小组赛D	西安交通大学	笃行	厦门理工学院	PFA	1	1
2199	2023	南部	21	小组赛E	上海科技大学	Magician	深圳大学	RobotPilots	0	2
2200	2023	南部	22	小组赛F	江苏大学	FIVE PINES	广州城市理工学院	野狼	0	2
2201	2023	南部	23	小组赛G	上海交通大学	交龙	中国科学技术大学	RoboWalker	2	0
2202	2023	南部	24	小组赛H	大连交通大学	TOE	厦门大学	RCS	2	0
2203	2023	南部	25	小组赛A	中南大学	FYT	湖北工业大学	力创RM	1	1
2204	2023	南部	26	小组赛B	南方科技大学	ARTINX	桂林理工大学	群星	2	0
2205	2023	南部	27	小组赛C	江西理工大学	乘风	华中科技大学	狼牙	0	2
2206	2023	南部	28	小组赛D	华侨大学	EDR	华南师范大学	PIONEER	0	2
2207	2023	南部	29	小组赛E	中国人民解放军国防科技大学	军临	茅台学院	MTI	2	0
2208	2023	南部	30	小组赛F	佛山科学技术学院	醒狮	重庆大学	MechaX	2	0
2209	2023	南部	31	小组赛G	深圳技术大学	悍匠	华南农业大学	Taurus	0	2
2210	2023	南部	32	小组赛H	上海大学	SRM	五邑大学	IMCA	0	2
2211	2023	南部	33	小组赛A	哈尔滨工业大学（深圳）	南工骁鹰	中南大学	FYT	2	0
2212	2023	南部	34	小组赛B	北京理工大学（珠海）	毅恒	南方科技大学	ARTINX	2	0
2213	2023	南部	35	小组赛C	华中科技大学	狼牙	华南理工大学	华南虎	1	1
2214	2023	南部	36	小组赛D	华南师范大学	PIONEER	西安交通大学	笃行	1	1
2215	2023	南部	37	小组赛E	深圳大学	RobotPilots	中国人民解放军国防科技大学	军临	2	0
2216	2023	南部	38	小组赛F	广州城市理工学院	野狼	佛山科学技术学院	醒狮	2	0
2217	2023	南部	39	小组赛G	华南农业大学	Taurus	上海交通大学	交龙	1	1
2218	2023	南部	40	小组赛H	五邑大学	IMCA	大连交通大学	TOE	1	1
2219	2023	南部	41	小组赛A	湖北工业大学	力创RM	南华大学	MA	2	0
2220	2023	南部	42	小组赛B	桂林理工大学	群星	仲恺农业工程学院	奇点	2	0
2221	2023	南部	43	小组赛C	湖南大学	跃鹿	江西理工大学	乘风	2	0
2222	2023	南部	44	小组赛D	厦门理工学院	PFA	华侨大学	EDR	2	0
2223	2023	南部	45	小组赛E	茅台学院	MTI	上海科技大学	Magician	1	1
2224	2023	南部	46	小组赛F	重庆大学	MechaX	江苏大学	FIVE PINES	0	2
2225	2023	南部	47	小组赛G	中国科学技术大学	RoboWalker	深圳技术大学	悍匠	1	1
2226	2023	南部	48	小组赛H	厦门大学	RCS	上海大学	SRM	0	2
2227	2023	南部	49	16进8淘汰赛	湖北工业大学	力创RM	南方科技大学	ARTINX	2	1
2228	2023	南部	50	16进8淘汰赛	西安交通大学	笃行	华中科技大学	狼牙	2	0
2229	2023	南部	51	16进8淘汰赛	深圳大学	RobotPilots	佛山科学技术学院	醒狮	2	0
2230	2023	南部	52	16进8淘汰赛	五邑大学	IMCA	华南农业大学	Taurus	0	2
2231	2023	南部	53	16进8淘汰赛	北京理工大学（珠海）	毅恒	哈尔滨工业大学（深圳）	南工骁鹰	0	2
2232	2023	南部	54	16进8淘汰赛	华南理工大学	华南虎	华南师范大学	PIONEER	2	0
2233	2023	南部	55	16进8淘汰赛	广州城市理工学院	野狼	中国人民解放军国防科技大学	军临	1	2
2234	2023	南部	56	16进8淘汰赛	上海交通大学	交龙	大连交通大学	TOE	0	2
2235	2023	南部	57	全国赛名额争夺（9-16名）	南方科技大学	ARTINX	华中科技大学	狼牙	0	2
2236	2023	南部	58	全国赛名额争夺（9-16名）	佛山科学技术学院	醒狮	五邑大学	IMCA	0	2
2237	2023	南部	59	全国赛名额争夺（9-16名）	北京理工大学（珠海）	毅恒	华南师范大学	PIONEER	0	2
2238	2023	南部	60	全国赛名额争夺（9-16名）	广州城市理工学院	野狼	上海交通大学	交龙	0	2
2239	2023	南部	61	8进4淘汰赛	湖北工业大学	力创RM	西安交通大学	笃行	0	2
2240	2023	南部	62	8进4淘汰赛	深圳大学	RobotPilots	华南农业大学	Taurus	2	0
2241	2023	南部	63	8进4淘汰赛	哈尔滨工业大学（深圳）	南工骁鹰	华南理工大学	华南虎	0	2
2242	2023	南部	64	8进4淘汰赛	中国人民解放军国防科技大学	军临	大连交通大学	TOE	0	2
2243	2023	南部	65	全国赛名额争夺（9-12名）	华中科技大学	狼牙	五邑大学	IMCA	0	2
2244	2023	南部	66	全国赛名额争夺（9-12名）	华南师范大学	PIONEER	上海交通大学	交龙	2	0
2245	2023	南部	67	复活赛名额争夺（13-16名）	南方科技大学	ARTINX	佛山科学技术学院	醒狮	2	0
2246	2023	南部	68	复活赛名额争夺（13-16名）	北京理工大学（珠海）	毅恒	广州城市理工学院	野狼	1	2
2247	2023	南部	69	半决赛	西安交通大学	笃行	深圳大学	RobotPilots	0	2
2248	2023	南部	70	半决赛	华南理工大学	华南虎	大连交通大学	TOE	0	2
2249	2023	南部	71	复活赛名额争夺（15-16名）	佛山科学技术学院	醒狮	北京理工大学（珠海）	毅恒	0	2
2250	2023	南部	72	季军争夺战	西安交通大学	笃行	华南理工大学	华南虎	0	3
2251	2023	南部	73	冠军争夺战	深圳大学	RobotPilots	大连交通大学	TOE	3	0
2252	2023	北部	1	小组赛A	南京理工大学	Alliance	北京工业大学	PIP	2	0
2253	2023	北部	1	邀请	内蒙古科技大学	雷霆	青岛大学	未来	2	0
2254	2023	北部	2	邀请	齐鲁工业大学	Adam	云南大学	Future	2	0
2255	2023	北部	2	小组赛B	太原工业学院	火线	东北林业大学	Ares	0	2
2256	2023	北部	3	邀请	云南大学	Future	内蒙古科技大学	雷霆	0	2
2257	2023	北部	3	小组赛C	沈阳航空航天大学	TUP	东北大学	TDT	0	2
2258	2023	北部	4	邀请	青岛大学	未来	齐鲁工业大学	Adam	0	2
2259	2023	北部	4	小组赛D	燕山大学	燕鹰	太原理工大学	TRoMaC	0	2
2260	2023	北部	5	邀请	内蒙古科技大学	雷霆	齐鲁工业大学	Adam	1	1
2261	2023	北部	5	小组赛E	浙江大学	HelloWorld	山东理工大学	齐奇	2	0
2262	2023	北部	6	邀请	云南大学	Future	青岛大学	未来	0	2
2263	2023	北部	6	小组赛F	中国石油大学（华东）	RPS	沈阳理工大学	Ambition	2	0
2264	2023	北部	7	小组赛G	中北大学	606	哈尔滨工程大学	创梦之翼	0	2
2265	2023	北部	8	小组赛H	河北科技大学	Actor&Thinker	山东科技大学	SmartRobot	0	2
2266	2023	北部	9	小组赛A	太原科技大学	NewMaker	中国民航大学	因特雷	2	0
2267	2023	北部	10	小组赛B	北京理工大学	追梦	南京航空航天大学金城学院	Born of Fire	1	1
2268	2023	北部	11	小组赛C	深圳职业技术学院	RCIA	中国石油大学（北京）	SPR	1	1
2269	2023	北部	12	小组赛D	合肥工业大学(宣城校区)	WDR	北京科技大学	Reborn	0	2
2270	2023	北部	13	小组赛E	西交利物浦大学	GMaster	东北大学秦皇岛分校	征龙凌沧	2	0
2271	2023	北部	14	小组赛F	华北理工大学	Horizon	防灾科技学院	思玄	1	1
2272	2023	北部	15	小组赛G	长安大学	VGD	吉林大学	TARS_Go	1	1
2273	2023	北部	16	小组赛H	首都师范大学	PIE	辽宁科技大学	COD	0	2
2274	2023	北部	17	小组赛A	中国民航大学	因特雷	南京理工大学	Alliance	0	2
2275	2023	北部	18	小组赛B	南京航空航天大学金城学院	Born of Fire	太原工业学院	火线	1	1
2276	2023	北部	19	小组赛C	东北大学	TDT	深圳职业技术学院	RCIA	2	0
2277	2023	北部	20	小组赛D	太原理工大学	TRoMaC	合肥工业大学(宣城校区)	WDR	1	1
2278	2023	北部	21	小组赛E	东北大学秦皇岛分校	征龙凌沧	浙江大学	HelloWorld	0	2
2279	2023	北部	22	小组赛F	防灾科技学院	思玄	中国石油大学（华东）	RPS	0	2
2280	2023	北部	23	小组赛G	哈尔滨工程大学	创梦之翼	长安大学	VGD	2	0
2281	2023	北部	24	小组赛H	山东科技大学	SmartRobot	首都师范大学	PIE	2	0
2282	2023	北部	25	小组赛A	太原科技大学	NewMaker	北京工业大学	PIP	2	0
2283	2023	北部	26	小组赛B	北京理工大学	追梦	东北林业大学	Ares	0	2
2284	2023	北部	27	小组赛C	沈阳航空航天大学	TUP	中国石油大学（北京）	SPR	0	2
2285	2023	北部	28	小组赛D	燕山大学	燕鹰	北京科技大学	Reborn	1	1
2286	2023	北部	29	小组赛E	西交利物浦大学	GMaster	山东理工大学	齐奇	2	0
2287	2023	北部	30	小组赛F	华北理工大学	Horizon	沈阳理工大学	Ambition	1	1
2288	2023	北部	31	小组赛G	中北大学	606	吉林大学	TARS_Go	2	0
2289	2023	北部	32	小组赛H	河北科技大学	Actor&Thinker	辽宁科技大学	COD	0	2
2290	2023	北部	33	小组赛A	南京理工大学	Alliance	太原科技大学	NewMaker	1	1
2291	2023	北部	34	小组赛B	太原工业学院	火线	北京理工大学	追梦	0	2
2292	2023	北部	35	小组赛C	中国石油大学（北京）	SPR	东北大学	TDT	0	2
2293	2023	北部	36	小组赛D	北京科技大学	Reborn	太原理工大学	TRoMaC	2	0
2294	2023	北部	37	小组赛E	浙江大学	HelloWorld	西交利物浦大学	GMaster	0	2
2295	2023	北部	38	小组赛F	中国石油大学（华东）	RPS	华北理工大学	Horizon	2	0
2296	2023	北部	39	小组赛G	吉林大学	TARS_Go	哈尔滨工程大学	创梦之翼	0	2
2297	2023	北部	40	小组赛H	辽宁科技大学	COD	山东科技大学	SmartRobot	1	1
2298	2023	北部	41	小组赛A	北京工业大学	PIP	中国民航大学	因特雷	0	2
2299	2023	北部	42	小组赛B	东北林业大学	Ares	南京航空航天大学金城学院	Born of Fire	0	2
2300	2023	北部	43	小组赛C	深圳职业技术学院	RCIA	沈阳航空航天大学	TUP	1	1
2301	2023	北部	44	小组赛D	合肥工业大学(宣城校区)	WDR	燕山大学	燕鹰	1	1
2302	2023	北部	45	小组赛E	山东理工大学	齐奇	东北大学秦皇岛分校	征龙凌沧	1	1
2303	2023	北部	46	小组赛F	沈阳理工大学	Ambition	防灾科技学院	思玄	1	1
2304	2023	北部	47	小组赛G	长安大学	VGD	中北大学	606	2	0
2305	2023	北部	48	小组赛H	首都师范大学	PIE	河北科技大学	Actor&Thinker	0	2
2306	2023	北部	49	16进8淘汰赛	太原科技大学	NewMaker	南京航空航天大学金城学院	Born of Fire	2	1
2307	2023	北部	50	16进8淘汰赛	东北林业大学	Ares	南京理工大学	Alliance	2	1
2308	2023	北部	51	16进8淘汰赛	太原理工大学	TRoMaC	东北大学	TDT	0	2
2309	2023	北部	52	16进8淘汰赛	中国石油大学（北京）	SPR	北京科技大学	Reborn	0	2
2310	2023	北部	53	16进8淘汰赛	西交利物浦大学	GMaster	沈阳理工大学	Ambition	2	0
2311	2023	北部	54	16进8淘汰赛	中国石油大学（华东）	RPS	浙江大学	HelloWorld	1	2
2312	2023	北部	55	16进8淘汰赛	辽宁科技大学	COD	哈尔滨工程大学	创梦之翼	0	2
2313	2023	北部	56	16进8淘汰赛	长安大学	VGD	山东科技大学	SmartRobot	0	2
2314	2023	北部	57	全国赛名额争夺（9-16名）	南京理工大学	Alliance	沈阳理工大学	Ambition	2	1
2315	2023	北部	58	全国赛名额争夺（9-16名）	南京航空航天大学金城学院	Born of Fire	中国石油大学（华东）	RPS	2	0
2316	2023	北部	59	全国赛名额争夺（9-16名）	中国石油大学（北京）	SPR	辽宁科技大学	COD	0	2
2317	2023	北部	60	全国赛名额争夺（9-16名）	太原理工大学	TRoMaC	长安大学	VGD	2	1
2318	2023	北部	61	8进4淘汰赛	东北林业大学	Ares	西交利物浦大学	GMaster	2	0
2319	2023	北部	62	8进4淘汰赛	太原科技大学	NewMaker	浙江大学	HelloWorld	1	2
2320	2023	北部	63	8进4淘汰赛	北京科技大学	Reborn	哈尔滨工程大学	创梦之翼	0	2
2321	2023	北部	64	8进4淘汰赛	东北大学	TDT	山东科技大学	SmartRobot	2	0
2322	2023	北部	65	全国赛名额争夺（9-12名）	南京理工大学	Alliance	辽宁科技大学	COD	2	0
2323	2023	北部	66	全国赛名额争夺（9-12名）	南京航空航天大学金城学院	Born of Fire	太原理工大学	TRoMaC	2	0
2324	2023	北部	67	复活赛名额争夺（13-16名）	沈阳理工大学	Ambition	中国石油大学（北京）	SPR	2	0
2325	2023	北部	68	复活赛名额争夺（13-16名）	中国石油大学（华东）	RPS	长安大学	VGD	2	0
2326	2023	北部	69	半决赛	东北林业大学	Ares	哈尔滨工程大学	创梦之翼	0	2
2327	2023	北部	70	半决赛	浙江大学	HelloWorld	东北大学	TDT	0	2
2328	2023	北部	71	全国赛名额争夺（9-10名）	南京理工大学	Alliance	南京航空航天大学金城学院	Born of Fire	2	1
2329	2023	北部	72	季军争夺战	东北林业大学	Ares	浙江大学	HelloWorld	3	2
2330	2023	北部	73	冠军争夺战	哈尔滨工程大学	创梦之翼	东北大学	TDT	0	3
2331	2023	复活赛	1	瑞士轮A组	电子科技大学中山学院	RoboBraver	广州城市理工学院	野狼	2	0
2332	2023	复活赛	2	瑞士轮A组	南京航空航天大学金城学院	Born of Fire	沈阳理工大学	Ambition	0	2
2333	2023	复活赛	3	瑞士轮A组	上海交通大学	交龙	华北科技学院	风暴	2	0
2334	2023	复活赛	4	瑞士轮A组	桂林信息科技学院	GIRT	南方科技大学	ARTINX	1	2
2335	2023	复活赛	5	瑞士轮B组	太原理工大学	TRoMaC	南京航空航天大学	长空御风	0	2
2336	2023	复活赛	6	瑞士轮B组	东南大学	3SE	中国石油大学（华东）	RPS	2	0
2337	2023	复活赛	7	瑞士轮B组	辽宁科技大学	COD	北京理工大学（珠海）	毅恒	1	2
2338	2023	复活赛	8	瑞士轮B组	华中科技大学	狼牙	大连理工大学	凌BUG	2	1
2339	2023	复活赛	9	瑞士轮A组	上海交通大学	交龙	南方科技大学	ARTINX	2	0
2340	2023	复活赛	10	瑞士轮A组	电子科技大学中山学院	RoboBraver	沈阳理工大学	Ambition	2	0
2341	2023	复活赛	11	瑞士轮A组	南京航空航天大学金城学院	Born of Fire	广州城市理工学院	野狼	2	1
2342	2023	复活赛	12	瑞士轮A组	桂林信息科技学院	GIRT	华北科技学院	风暴	2	0
2343	2023	复活赛	13	瑞士轮B组	北京理工大学（珠海）	毅恒	东南大学	3SE	2	0
2344	2023	复活赛	14	瑞士轮B组	华中科技大学	狼牙	南京航空航天大学	长空御风	0	2
2345	2023	复活赛	15	瑞士轮B组	太原理工大学	TRoMaC	大连理工大学	凌BUG	0	2
2346	2023	复活赛	16	瑞士轮B组	中国石油大学（华东）	RPS	辽宁科技大学	COD	0	2
2347	2023	复活赛	17	瑞士轮Q组	香港大学	HerKules	Niigata Union University	Phoenix Robots	0	2
2348	2023	复活赛	18	瑞士轮Q组	香港科技大学	ENTERPRIZE	伊利诺伊香槟	Illini RM	2	0
2349	2023	复活赛	19	瑞士轮A组	电子科技大学中山学院	RoboBraver	上海交通大学	交龙	0	2
2350	2023	复活赛	20	瑞士轮A组	南方科技大学	ARTINX	沈阳理工大学	Ambition	2	0
2351	2023	复活赛	21	瑞士轮A组	南京航空航天大学金城学院	Born of Fire	桂林信息科技学院	GIRT	0	2
2352	2023	复活赛	22	瑞士轮Q组	香港科技大学	ENTERPRIZE	Niigata Union University	Phoenix Robots	2	1
2353	2023	复活赛	23	瑞士轮Q组	伊利诺伊香槟	Illini RM	香港大学	HerKules	0	2
2354	2023	复活赛	24	瑞士轮B组	北京理工大学（珠海）	毅恒	南京航空航天大学	长空御风	0	2
2355	2023	复活赛	25	瑞士轮B组	华中科技大学	狼牙	辽宁科技大学	COD	1	2
2356	2023	复活赛	26	瑞士轮B组	东南大学	3SE	大连理工大学	凌BUG	1	2
2357	2023	复活赛	27	瑞士轮C组	南方科技大学	ARTINX	辽宁科技大学	COD	2	0
2358	2023	复活赛	28	瑞士轮C组	电子科技大学中山学院	RoboBraver	北京理工大学（珠海）	毅恒	2	0
2359	2023	复活赛	29	瑞士轮C组	大连理工大学	凌BUG	香港科技大学	ENTERPRIZE	2	0
2360	2023	复活赛	30	瑞士轮C组	Niigata Union University	Phoenix Robots	桂林信息科技学院	GIRT	0	2
2361	2023	复活赛	31	瑞士轮C组	大连理工大学	凌BUG	桂林信息科技学院	GIRT	2	1
2362	2023	复活赛	32	瑞士轮C组	电子科技大学中山学院	RoboBraver	南方科技大学	ARTINX	1	2
2363	2023	复活赛	33	瑞士轮C组	辽宁科技大学	COD	北京理工大学（珠海）	毅恒	2	0
2364	2023	复活赛	34	瑞士轮C组	Niigata Union University	Phoenix Robots	香港科技大学	ENTERPRIZE	0	2
2365	2023	复活赛	35	瑞士轮C组	大连理工大学	凌BUG	南方科技大学	ARTINX	0	2
2366	2023	复活赛	36	瑞士轮C组	桂林信息科技学院	GIRT	辽宁科技大学	COD	2	0
2367	2023	复活赛	37	瑞士轮C组	电子科技大学中山学院	RoboBraver	香港科技大学	ENTERPRIZE	2	0
2368	2023	全国赛	1	小组赛A	东北大学	TDT	湖北工业大学	力创RM	2	0
2369	2023	全国赛	2	小组赛B	哈尔滨工程大学	创梦之翼	南京航空航天大学	长空御风	0	2
2370	2023	全国赛	3	小组赛C	太原科技大学	NewMaker	深圳大学	RobotPilots	0	2
2371	2023	全国赛	4	小组赛D	广东工业大学	DynamicX	上海工程技术大学	木鸢Birdiebot	1	1
2372	2023	全国赛	5	小组赛E	桂林电子科技大学	Evolution	哈尔滨工业大学（威海）	HERO	1	1
2373	2023	全国赛	6	小组赛F	大连交通大学	TOE	华南师范大学	PIONEER	2	0
2374	2023	全国赛	7	小组赛G	国防科技大学	军临	哈尔滨工业大学	I Hiter	0	2
2375	2023	全国赛	8	小组赛H	西安电子科技大学	IRobot	华南理工大学	华南虎	0	2
2376	2023	全国赛	9	小组赛A	浙江大学	Hello World	西交利物浦大学	GMaster	2	0
2377	2023	全国赛	10	小组赛B	东北林业大学	Ares	中国矿业大学	CUBOT	2	0
2378	2023	全国赛	11	小组赛C	上海交通大学	交龙	哈尔滨工业大学（深圳）	南工骁鹰	2	0
2379	2023	全国赛	12	小组赛D	五邑大学	IMCA	北京科技大学	Reborn	2	0
2380	2023	全国赛	13	小组赛E	西安交通大学	笃行	南京理工大学	Alliance	2	0
2381	2023	全国赛	14	小组赛F	山东科技大学	SmartRobot	南方科技大学	ARTINX	0	2
2382	2023	全国赛	15	小组赛G	武汉工程大学	Nautilus	华南农业大学	Taurus	0	2
2383	2023	全国赛	16	小组赛H	大连理工大学	凌BUG	南昌大学	Passion	1	1
2384	2023	全国赛	17	小组赛A	西交利物浦大学	GMaster	东北大学	TDT	0	2
2385	2023	全国赛	18	小组赛B	中国矿业大学	CUBOT	哈尔滨工程大学	创梦之翼	0	2
2386	2023	全国赛	19	小组赛C	深圳大学	RobotPilots	上海交通大学	交龙	1	1
2387	2023	全国赛	20	小组赛D	上海工程技术大学	木鸢Birdiebot	五邑大学	IMCA	2	0
2388	2023	全国赛	21	小组赛E	南京理工大学	Alliance	桂林电子科技大学	Evolution	1	1
2389	2023	全国赛	22	小组赛F	南方科技大学	ARTINX	大连交通大学	TOE	0	2
2390	2023	全国赛	23	小组赛G	哈尔滨工业大学	I Hiter	武汉工程大学	Nautilus	1	1
2391	2023	全国赛	24	小组赛H	华南理工大学	华南虎	大连理工大学	凌BUG	1	1
2392	2023	全国赛	25	小组赛A	浙江大学	Hello World	湖北工业大学	力创RM	2	0
2393	2023	全国赛	26	小组赛B	东北林业大学	Ares	南京航空航天大学	长空御风	0	2
2394	2023	全国赛	27	小组赛C	太原科技大学	NewMaker	哈尔滨工业大学（深圳）	南工骁鹰	1	1
2395	2023	全国赛	28	小组赛D	广东工业大学	DynamicX	北京科技大学	Reborn	2	0
2396	2023	全国赛	29	小组赛E	西安交通大学	笃行	哈尔滨工业大学（威海）	HERO	2	0
2397	2023	全国赛	30	小组赛F	山东科技大学	SmartRobot	华南师范大学	PIONEER	1	1
2398	2023	全国赛	31	小组赛G	国防科技大学	军临	华南农业大学	Taurus	0	2
2399	2023	全国赛	32	小组赛H	西安电子科技大学	IRobot	南昌大学	Passion	0	2
2400	2023	全国赛	33	小组赛A	东北大学	TDT	浙江大学	Hello World	2	0
2401	2023	全国赛	34	小组赛B	哈尔滨工程大学	创梦之翼	东北林业大学	Ares	0	2
2402	2023	全国赛	35	小组赛C	哈尔滨工业大学（深圳）	南工骁鹰	深圳大学	RobotPilots	1	1
2403	2023	全国赛	36	小组赛D	北京科技大学	Reborn	上海工程技术大学	木鸢Birdiebot	1	1
2404	2023	全国赛	37	小组赛E	桂林电子科技大学	Evolution	西安交通大学	笃行	2	0
2405	2023	全国赛	38	小组赛F	大连交通大学	TOE	山东科技大学	SmartRobot	2	0
2406	2023	全国赛	39	小组赛G	华南农业大学	Taurus	哈尔滨工业大学	I Hiter	2	0
2407	2023	全国赛	40	小组赛H	南昌大学	Passion	华南理工大学	华南虎	0	2
2408	2023	全国赛	41	小组赛A	湖北工业大学	力创RM	西交利物浦大学	GMaster	0	2
2409	2023	全国赛	42	小组赛B	南京航空航天大学	长空御风	中国矿业大学	CUBOT	2	0
2410	2023	全国赛	43	小组赛C	上海交通大学	交龙	太原科技大学	NewMaker	2	0
2411	2023	全国赛	44	小组赛D	五邑大学	IMCA	广东工业大学	DynamicX	0	2
2412	2023	全国赛	45	小组赛E	哈尔滨工业大学（威海）	HERO	南京理工大学	Alliance	2	0
2413	2023	全国赛	46	小组赛F	华南师范大学	PIONEER	南方科技大学	ARTINX	0	2
2414	2023	全国赛	47	小组赛G	武汉工程大学	Nautilus	国防科技大学	军临	2	0
2415	2023	全国赛	48	小组赛H	大连理工大学	凌BUG	西安电子科技大学	IRobot	2	0
2416	2023	全国赛	49	16进8淘汰赛	东北大学	TDT	东北林业大学	Ares	2	0
2417	2023	全国赛	50	16进8淘汰赛	广东工业大学	DynamicX	深圳大学	RobotPilots	2	1
2418	2023	全国赛	51	16进8淘汰赛	西安交通大学	笃行	南方科技大学	ARTINX	1	2
2419	2023	全国赛	52	16进8淘汰赛	华南理工大学	华南虎	哈尔滨工业大学	I Hiter	2	0
2420	2023	全国赛	53	16进8淘汰赛	浙江大学	Hello World	南京航空航天大学	长空御风	0	2
2421	2023	全国赛	54	16进8淘汰赛	上海工程技术大学	木鸢Birdiebot	上海交通大学	交龙	0	2
2422	2023	全国赛	55	16进8淘汰赛	桂林电子科技大学	Evolution	大连交通大学	TOE	0	2
2423	2023	全国赛	56	16进8淘汰赛	大连理工大学	凌BUG	华南农业大学	Taurus	0	2
2424	2023	全国赛	57	16进8胜者组	东北大学	TDT	广东工业大学	DynamicX	2	1
2425	2023	全国赛	58	16进8胜者组	华南理工大学	华南虎	南方科技大学	ARTINX	2	0
2426	2023	全国赛	59	16进8胜者组	南京航空航天大学	长空御风	上海交通大学	交龙	0	2
2427	2023	全国赛	60	16进8胜者组	华南农业大学	Taurus	大连交通大学	TOE	1	2
2428	2023	全国赛	61	16进8败者组第一轮	东北林业大学	Ares	深圳大学	RobotPilots	0	2
2429	2023	全国赛	62	16进8败者组第一轮	哈尔滨工业大学	I Hiter	西安交通大学	笃行	2	0
2430	2023	全国赛	63	16进8败者组第一轮	浙江大学	Hello World	上海工程技术大学	木鸢Birdiebot	2	0
2431	2023	全国赛	64	16进8败者组第一轮	大连理工大学	凌BUG	桂林电子科技大学	Evolution	0	2
2432	2023	全国赛	65	16进8败者组第二轮	深圳大学	RobotPilots	南方科技大学	ARTINX	2	1
2433	2023	全国赛	66	16进8败者组第二轮	广东工业大学	DynamicX	哈尔滨工业大学	I Hiter	0	2
2434	2023	全国赛	67	16进8败者组第二轮	浙江大学	Hello World	华南农业大学	Taurus	0	2
2435	2023	全国赛	68	16进8败者组第二轮	南京航空航天大学	长空御风	桂林电子科技大学	Evolution	2	0
2436	2023	全国赛	69	8进4胜者组	东北大学	TDT	华南理工大学	华南虎	0	2
2437	2023	全国赛	70	8进4胜者组	上海交通大学	交龙	大连交通大学	TOE	2	0
2438	2023	全国赛	71	8进4败者组第一轮	深圳大学	RobotPilots	华南农业大学	Taurus	1	2
2439	2023	全国赛	72	8进4败者组第一轮	哈尔滨工业大学	I Hiter	南京航空航天大学	长空御风	0	2
2440	2023	全国赛	73	8进4败者组第二轮	华南农业大学	Taurus	大连交通大学	TOE	2	1
2441	2023	全国赛	74	8进4败者组第二轮	东北大学	TDT	南京航空航天大学	长空御风	2	0
2442	2023	全国赛	75	半决赛	华南农业大学	Taurus	上海交通大学	交龙	0	3
2443	2023	全国赛	76	半决赛	华南理工大学	华南虎	东北大学	TDT	2	3
2444	2023	全国赛	77	季军争夺战	华南农业大学	Taurus	华南理工大学	华南虎	2	3
2445	2023	全国赛	78	冠军争夺战	上海交通大学	交龙	东北大学	TDT	3	1
2446	2024	东部赛区	1	A组第1轮	太原理工大学	TRoMaC	华北理工大学	Horizon	2	0
2447	2024	东部赛区	2	A组第1轮	山东理工大学	齐奇	上海科技大学	Magician	2	1
2448	2024	东部赛区	3	A组第1轮	浙江大学	Hello World	同济大学	SuperPower	2	0
2449	2024	东部赛区	4	A组第1轮	齐鲁工业大学	Adam	中国石油大学（北京）	SPR	2	0
2450	2024	东部赛区	5	A组第1轮	上海工程技术大学	木鸢Birdiebot	东北大学秦皇岛分校	征龙凌沧	2	0
2451	2024	东部赛区	6	A组第1轮	天津大学	北洋机甲	合肥工业大学(宣城校区)	WDR	2	0
2452	2024	东部赛区	7	A组第1轮	西交利物浦大学&利物浦大学	GMaster	首都师范大学	PIE	0	2
2453	2024	东部赛区	8	A组第1轮	南京航空航天大学金城学院	Born of Fire	辽宁科技大学	COD	2	0
2454	2024	东部赛区	9	B组第1轮	上海交通大学	交龙	陆军勤务学院	陆擎	2	0
2455	2024	东部赛区	10	B组第1轮	西北工业大学	WMJ	吉林大学	TARS_Go	0	2
2456	2024	东部赛区	11	B组第1轮	广东工业大学	DynamicX	东华大学	DIODE	2	0
2457	2024	东部赛区	12	B组第1轮	东南大学	3SE	华东理工大学	起源	2	0
2458	2024	东部赛区	13	B组第1轮	哈尔滨工业大学（威海）	HERO	中国科学技术大学	RoboWalker	2	0
2459	2024	东部赛区	14	B组第1轮	沈阳理工大学	Ambition	浙江纺织服装职业技术学院	RoboFuture	0	2
2460	2024	东部赛区	15	B组第1轮	中国矿业大学	CUBOT	中北大学	606	2	0
2461	2024	东部赛区	16	B组第1轮	常州大学	Climber	杭州电子科技大学	PHOENIX	1	2
2462	2024	东部赛区	17	A组第2轮	山东理工大学	齐奇	天津大学	北洋机甲	1	2
2463	2024	东部赛区	18	A组第2轮	浙江大学	Hello World	上海工程技术大学	木鸢Birdiebot	2	1
2464	2024	东部赛区	19	A组第2轮	首都师范大学	PIE	太原理工大学	TRoMaC	0	2
2465	2024	东部赛区	20	A组第2轮	齐鲁工业大学	Adam	南京航空航天大学金城学院	Born of Fire	1	2
2466	2024	东部赛区	21	A组第2轮	辽宁科技大学	COD	中国石油大学（北京）	SPR	2	0
2467	2024	东部赛区	22	A组第2轮	华北理工大学	Horizon	西交利物浦大学&利物浦大学	GMaster	0	2
2468	2024	东部赛区	23	A组第2轮	东北大学秦皇岛分校	征龙凌沧	同济大学	SuperPower	0	2
2469	2024	东部赛区	24	A组第2轮	合肥工业大学(宣城校区)	WDR	上海科技大学	Magician	1	2
2470	2024	东部赛区	25	B组第2轮	哈尔滨工业大学（威海）	HERO	浙江纺织服装职业技术学院	RoboFuture	2	1
2471	2024	东部赛区	26	B组第2轮	广东工业大学	DynamicX	中国矿业大学	CUBOT	2	1
2472	2024	东部赛区	27	B组第2轮	杭州电子科技大学	PHOENIX	吉林大学	TARS_Go	0	2
2473	2024	东部赛区	28	B组第2轮	上海交通大学	交龙	东南大学	3SE	2	1
2474	2024	东部赛区	29	B组第2轮	中北大学	606	东华大学	DIODE	2	0
2475	2024	东部赛区	30	B组第2轮	沈阳理工大学	Ambition	中国科学技术大学	RoboWalker	0	2
2476	2024	东部赛区	31	B组第2轮	华东理工大学	起源	陆军勤务学院	陆擎	2	0
2477	2024	东部赛区	32	B组第2轮	西北工业大学	WMJ	常州大学	Climber	2	0
2478	2024	东部赛区	33	A组第3轮	南京航空航天大学金城学院	Born of Fire	浙江大学	Hello World	0	2
2479	2024	东部赛区	34	A组第3轮	太原理工大学	TRoMaC	天津大学	北洋机甲	2	0
2480	2024	东部赛区	35	A组第3轮	山东理工大学	齐奇	首都师范大学	PIE	1	2
2481	2024	东部赛区	36	A组第3轮	上海工程技术大学	木鸢Birdiebot	辽宁科技大学	COD	2	0
2482	2024	东部赛区	37	A组第3轮	同济大学	SuperPower	齐鲁工业大学	Adam	1	2
2483	2024	东部赛区	38	A组第3轮	西交利物浦大学&利物浦大学	GMaster	上海科技大学	Magician	2	0
2484	2024	东部赛区	39	B组第3轮	吉林大学	TARS_Go	哈尔滨工业大学（威海）	HERO	0	2
2485	2024	东部赛区	40	B组第3轮	广东工业大学	DynamicX	上海交通大学	交龙	2	1
2486	2024	东部赛区	41	B组第3轮	中国矿业大学	CUBOT	东南大学	3SE	0	2
2487	2024	东部赛区	42	B组第3轮	西北工业大学	WMJ	杭州电子科技大学	PHOENIX	1	2
2488	2024	东部赛区	43	B组第3轮	中国科学技术大学	RoboWalker	浙江纺织服装职业技术学院	RoboFuture	2	1
2489	2024	东部赛区	44	B组第3轮	华东理工大学	起源	中北大学	606	2	0
2490	2024	东部赛区	45	16进8淘汰赛	哈尔滨工业大学（威海）	HERO	西交利物浦大学&利物浦大学	GMaster	2	1
2491	2024	东部赛区	46	16进8淘汰赛	齐鲁工业大学	Adam	广东工业大学	DynamicX	0	2
2492	2024	东部赛区	47	16进8淘汰赛	南京航空航天大学金城学院	Born of Fire	上海交通大学	交龙	0	2
2493	2024	东部赛区	48	16进8淘汰赛	中国科学技术大学	RoboWalker	首都师范大学	PIE	1	2
2494	2024	东部赛区	49	16进8淘汰赛	太原理工大学	TRoMaC	杭州电子科技大学	PHOENIX	2	1
2495	2024	东部赛区	50	16进8淘汰赛	吉林大学	TARS_Go	上海工程技术大学	木鸢Birdiebot	2	1
2496	2024	东部赛区	51	16进8淘汰赛	华东理工大学	起源	浙江大学	Hello World	0	2
2497	2024	东部赛区	52	16进8淘汰赛	天津大学	北洋机甲	东南大学	3SE	0	2
2498	2024	东部赛区	53	8进4淘汰赛	上海交通大学	交龙	哈尔滨工业大学（威海）	HERO	2	0
2499	2024	东部赛区	54	8进4淘汰赛	广东工业大学	DynamicX	首都师范大学	PIE	2	0
2500	2024	东部赛区	55	复活赛名额争夺（9-16名）	西交利物浦大学&利物浦大学	GMaster	南京航空航天大学金城学院	Born of Fire	0	2
2501	2024	东部赛区	56	复活赛名额争夺（9-16名）	中国科学技术大学	RoboWalker	齐鲁工业大学	Adam	2	0
2502	2024	东部赛区	57	8进4淘汰赛	吉林大学	TARS_Go	太原理工大学	TRoMaC	0	2
2503	2024	东部赛区	58	8进4淘汰赛	浙江大学	Hello World	东南大学	3SE	2	0
2504	2024	东部赛区	59	复活赛名额争夺（9-16名）	杭州电子科技大学	PHOENIX	上海工程技术大学	木鸢Birdiebot	0	2
2505	2024	东部赛区	60	复活赛名额争夺（9-16名）	天津大学	北洋机甲	华东理工大学	起源	2	0
2506	2024	东部赛区	61	复活赛名额争夺（13-16名）	西交利物浦大学&利物浦大学	GMaster	杭州电子科技大学	PHOENIX	2	1
2507	2024	东部赛区	62	复活赛名额争夺（13-16名）	齐鲁工业大学	Adam	华东理工大学	起源	2	1
2508	2024	东部赛区	63	半决赛	上海交通大学	交龙	太原理工大学	TRoMaC	2	0
2509	2024	东部赛区	64	半决赛	广东工业大学	DynamicX	浙江大学	Hello World	2	0
2510	2024	东部赛区	65	复活赛名额争夺（13-14名）	西交利物浦大学&利物浦大学	GMaster	齐鲁工业大学	Adam	1	2
2511	2024	东部赛区	66	季军争夺战	太原理工大学	TRoMaC	浙江大学	Hello World	1	3
2512	2024	东部赛区	67	冠军争夺战	上海交通大学	交龙	广东工业大学	DynamicX	3	1
2513	2024	中部赛区	1	A组第1轮	南方科技大学	ARTINX	燕山大学	燕鹰	2	1
2514	2024	中部赛区	2	A组第1轮	华中科技大学	狼牙	青岛大学	未来	2	0
2515	2024	中部赛区	3	A组第1轮	南昌大学	Passion	河北科技大学	Actor&Thinker	2	0
2516	2024	中部赛区	4	A组第1轮	合肥工业大学	苍穹	太原工业学院	火线	2	0
2517	2024	中部赛区	5	A组第1轮	哈尔滨工程大学	创梦之翼	北京理工大学	追梦	0	2
2518	2024	中部赛区	6	A组第1轮	桂林信息科技学院	GIRT	西安理工大学	NEXT E	2	0
2519	2024	中部赛区	7	A组第1轮	东北林业大学	Ares	山东科技大学	SmartRobot	1	2
2520	2024	中部赛区	8	A组第1轮	沈阳航空航天大学	TUP	长安大学	VGD	2	0
2521	2024	中部赛区	9	B组第1轮	哈尔滨工业大学	I Hiter	中国石油大学（华东）	RPS	2	1
2522	2024	中部赛区	10	B组第1轮	福建理工大学	苍侠	东莞理工学院	ACE	0	2
2523	2024	中部赛区	11	B组第1轮	华南理工大学	华南虎	四川大学	火锅	2	0
2524	2024	中部赛区	12	B组第1轮	厦门大学嘉庚学院	TCR	重庆三峡学院	LionHeart	2	0
2525	2024	中部赛区	13	B组第1轮	武汉工程大学	Nautilus	西安电子科技大学	IRobot	0	2
2526	2024	中部赛区	14	B组第1轮	华北科技学院	风暴	西南石油大学	铁人	2	0
2527	2024	中部赛区	15	B组第1轮	南京理工大学	Alliance	内蒙古科技大学	雷霆	2	0
2528	2024	中部赛区	16	B组第1轮	太原科技大学	NewMaker	成都大学	Ultra	2	0
2529	2024	中部赛区	17	A组第2轮	山东科技大学	SmartRobot	南方科技大学	ARTINX	0	2
2530	2024	中部赛区	18	A组第2轮	沈阳航空航天大学	TUP	北京理工大学	追梦	0	2
2531	2024	中部赛区	19	A组第2轮	南昌大学	Passion	合肥工业大学	苍穹	2	0
2532	2024	中部赛区	20	A组第2轮	桂林信息科技学院	GIRT	华中科技大学	狼牙	2	0
2533	2024	中部赛区	21	A组第2轮	青岛大学	未来	西安理工大学	NEXT E	2	0
2534	2024	中部赛区	22	A组第2轮	太原工业学院	火线	河北科技大学	Actor&Thinker	2	0
2535	2024	中部赛区	23	A组第2轮	哈尔滨工程大学	创梦之翼	长安大学	VGD	2	0
2536	2024	中部赛区	24	A组第2轮	燕山大学	燕鹰	东北林业大学	Ares	1	2
2537	2024	中部赛区	25	B组第2轮	南京理工大学	Alliance	厦门大学嘉庚学院	TCR	2	0
2538	2024	中部赛区	26	B组第2轮	西安电子科技大学	IRobot	太原科技大学	NewMaker	2	1
2539	2024	中部赛区	27	B组第2轮	哈尔滨工业大学	I Hiter	华南理工大学	华南虎	1	2
2540	2024	中部赛区	28	B组第2轮	东莞理工学院	ACE	华北科技学院	风暴	0	2
2541	2024	中部赛区	29	B组第2轮	成都大学	Ultra	武汉工程大学	Nautilus	0	2
2542	2024	中部赛区	30	B组第2轮	重庆三峡学院	LionHeart	内蒙古科技大学	雷霆	2	1
2543	2024	中部赛区	31	B组第2轮	西南石油大学	铁人	福建理工大学	苍侠	2	0
2544	2024	中部赛区	32	B组第2轮	四川大学	火锅	中国石油大学（华东）	RPS	0	2
2545	2024	中部赛区	33	A组第3轮	南方科技大学	ARTINX	北京理工大学	追梦	2	0
2546	2024	中部赛区	34	A组第3轮	南昌大学	Passion	桂林信息科技学院	GIRT	2	1
2547	2024	中部赛区	35	A组第3轮	华中科技大学	狼牙	合肥工业大学	苍穹	2	1
2548	2024	中部赛区	36	A组第3轮	沈阳航空航天大学	TUP	山东科技大学	SmartRobot	2	0
2549	2024	中部赛区	37	A组第3轮	东北林业大学	Ares	哈尔滨工程大学	创梦之翼	1	2
2550	2024	中部赛区	38	A组第3轮	青岛大学	未来	太原工业学院	火线	0	2
2551	2024	中部赛区	39	B组第3轮	华北科技学院	风暴	西安电子科技大学	IRobot	0	2
2552	2024	中部赛区	40	B组第3轮	华南理工大学	华南虎	南京理工大学	Alliance	2	0
2553	2024	中部赛区	41	B组第3轮	厦门大学嘉庚学院	TCR	哈尔滨工业大学	I Hiter	0	2
2554	2024	中部赛区	42	B组第3轮	东莞理工学院	ACE	西南石油大学	铁人	2	0
2555	2024	中部赛区	43	B组第3轮	太原科技大学	NewMaker	武汉工程大学	Nautilus	2	0
2556	2024	中部赛区	44	B组第3轮	中国石油大学（华东）	RPS	重庆三峡学院	LionHeart	2	0
2557	2024	中部赛区	45	16进8淘汰赛	西安电子科技大学	IRobot	太原工业学院	火线	0	2
2558	2024	中部赛区	46	16进8淘汰赛	桂林信息科技学院	GIRT	南京理工大学	Alliance	2	0
2559	2024	中部赛区	47	16进8淘汰赛	沈阳航空航天大学	TUP	华南理工大学	华南虎	1	2
2560	2024	中部赛区	48	16进8淘汰赛	太原科技大学	NewMaker	北京理工大学	追梦	0	2
2561	2024	中部赛区	49	16进8淘汰赛	南方科技大学	ARTINX	东莞理工学院	ACE	2	0
2562	2024	中部赛区	50	16进8淘汰赛	哈尔滨工业大学	I Hiter	哈尔滨工程大学	创梦之翼	2	1
2563	2024	中部赛区	51	16进8淘汰赛	中国石油大学（华东）	RPS	南昌大学	Passion	1	2
2564	2024	中部赛区	52	16进8淘汰赛	华中科技大学	狼牙	华北科技学院	风暴	2	1
2565	2024	中部赛区	53	8进4淘汰赛	桂林信息科技学院	GIRT	太原工业学院	火线	2	0
2566	2024	中部赛区	54	8进4淘汰赛	华南理工大学	华南虎	北京理工大学	追梦	0	2
2567	2024	中部赛区	55	8进4淘汰赛	哈尔滨工业大学	I Hiter	南方科技大学	ARTINX	2	0
2568	2024	中部赛区	56	8进4淘汰赛	南昌大学	Passion	华中科技大学	狼牙	0	2
2569	2024	中部赛区	57	全国赛名额争夺（9-16名）	西安电子科技大学	IRobot	南京理工大学	Alliance	2	0
2570	2024	中部赛区	58	全国赛名额争夺（9-16名）	太原科技大学	NewMaker	沈阳航空航天大学	TUP	2	1
2571	2024	中部赛区	59	全国赛名额争夺（9-16名）	东莞理工学院	ACE	哈尔滨工程大学	创梦之翼	2	1
2572	2024	中部赛区	60	全国赛名额争夺（9-16名）	华北科技学院	风暴	中国石油大学（华东）	RPS	2	1
2573	2024	中部赛区	61	半决赛	桂林信息科技学院	GIRT	哈尔滨工业大学	I Hiter	2	1
2574	2024	中部赛区	62	半决赛	北京理工大学	追梦	华中科技大学	狼牙	2	0
2575	2024	中部赛区	63	复活赛名额争夺（13-16名）	南京理工大学	Alliance	哈尔滨工程大学	创梦之翼	0	2
2576	2024	中部赛区	64	复活赛名额争夺（13-16名）	沈阳航空航天大学	TUP	中国石油大学（华东）	RPS	0	2
2577	2024	中部赛区	65	全国赛名额争夺（9-12名）	西安电子科技大学	IRobot	东莞理工学院	ACE	2	0
2578	2024	中部赛区	66	全国赛名额争夺（9-12名）	太原科技大学	NewMaker	华北科技学院	风暴	2	1
2579	2024	中部赛区	67	季军争夺战	哈尔滨工业大学	I Hiter	华中科技大学	狼牙	3	0
2580	2024	中部赛区	68	复活赛名额争夺（15-16名）	南京理工大学	Alliance	沈阳航空航天大学	TUP	2	1
2581	2024	中部赛区	69	冠军争夺战	桂林信息科技学院	GIRT	北京理工大学	追梦	0	3
2582	2024	中部赛区	1	邀请赛	湖北工业大学	力创RM	常熟理工学院	R&A	1	1
2583	2024	中部赛区	2	邀请赛	常熟理工学院	R&A	武汉科技大学	崇实	2	0
2584	2024	中部赛区	3	邀请赛	武汉科技大学	崇实	湖北工业大学	力创RM	2	0
2585	2024	南部赛区	1	邀请赛	北京邮电大学	鸿雁	宁波工程学院	New Legends	1	1
2586	2024	南部赛区	2	邀请赛	宁波诺丁汉大学	AIM	云南大学	Future	0	2
2587	2024	南部赛区	3	邀请赛	仲恺农业工程学院	奇点	北京邮电大学	鸿雁	2	0
2588	2024	南部赛区	4	邀请赛	云南大学	Future	仲恺农业工程学院	奇点	0	2
2589	2024	南部赛区	5	邀请赛	宁波工程学院	New Legends	宁波诺丁汉大学	AIM	2	0
2590	2024	南部赛区	1	A组第1轮	西安交通大学	笃行	河北工业大学	山海Mas	2	0
2591	2024	南部赛区	2	A组第1轮	西南交通大学	Helios	北京科技大学	Reborn	2	1
2592	2024	南部赛区	3	A组第1轮	深圳大学	RobotPilots	中南大学	FYT	2	0
2593	2024	南部赛区	4	A组第1轮	南华大学	MA	湖南大学	跃鹿	0	2
2594	2024	南部赛区	5	A组第1轮	华南农业大学	Taurus	五邑大学	IMCA	1	2
2595	2024	南部赛区	6	A组第1轮	北京理工大学（珠海）	毅恒	桂林理工大学	群星	2	1
2596	2024	南部赛区	7	A组第1轮	桂林电子科技大学	Evolution	桂林电子科技大学北海校区	破浪笃行	2	0
2597	2024	南部赛区	8	A组第1轮	佛山大学	醒狮	深圳职业技术大学	RCIA	1	2
2598	2024	南部赛区	9	B组第1轮	大连理工大学	凌BUG	广州城市理工学院	野狼	2	0
2599	2024	南部赛区	10	B组第1轮	福建师范大学	Pikachu	北京信息科技大学	星辰	1	2
2600	2024	南部赛区	11	B组第1轮	南京航空航天大学	长空御风	中国人民解放军国防科技大学	军临	1	2
2601	2024	南部赛区	12	B组第1轮	电子科技大学中山学院	RoboBraver	华南师范大学	PIONEER	2	0
2602	2024	南部赛区	13	B组第1轮	哈尔滨工业大学（深圳）	南工骁鹰	深圳技术大学	悍匠	2	0
2603	2024	南部赛区	14	B组第1轮	厦门大学	RCS	厦门理工学院	PFA	2	0
2604	2024	南部赛区	15	B组第1轮	东北大学	TDT	安徽信息工程学院	Artisans	2	0
2605	2024	南部赛区	16	B组第1轮	重庆大学	千里	湘潭大学	逐曦	2	0
2606	2024	南部赛区	17	A组第2轮	西南交通大学	Helios	五邑大学	IMCA	0	2
2607	2024	南部赛区	18	A组第2轮	深圳职业技术大学	RCIA	北京理工大学（珠海）	毅恒	2	1
2608	2024	南部赛区	19	A组第2轮	西安交通大学	笃行	湖南大学	跃鹿	2	0
2609	2024	南部赛区	20	A组第2轮	桂林电子科技大学	Evolution	深圳大学	RobotPilots	0	2
2610	2024	南部赛区	21	A组第2轮	中南大学	FYT	桂林电子科技大学北海校区	破浪笃行	2	0
2611	2024	南部赛区	22	A组第2轮	南华大学	MA	河北工业大学	山海Mas	2	0
2612	2024	南部赛区	23	A组第2轮	桂林理工大学	群星	佛山大学	醒狮	1	2
2613	2024	南部赛区	24	A组第2轮	华南农业大学	Taurus	北京科技大学	Reborn	2	0
2614	2024	南部赛区	25	B组第2轮	大连理工大学	凌BUG	哈尔滨工业大学（深圳）	南工骁鹰	1	2
2615	2024	南部赛区	26	B组第2轮	厦门大学	RCS	重庆大学	千里	0	2
2616	2024	南部赛区	27	B组第2轮	中国人民解放军国防科技大学	军临	北京信息科技大学	星辰	2	0
2617	2024	南部赛区	28	B组第2轮	电子科技大学中山学院	RoboBraver	东北大学	TDT	2	0
2618	2024	南部赛区	29	B组第2轮	湘潭大学	逐曦	厦门理工学院	PFA	1	2
2619	2024	南部赛区	30	B组第2轮	深圳技术大学	悍匠	广州城市理工学院	野狼	1	2
2620	2024	南部赛区	31	B组第2轮	安徽信息工程学院	Artisans	华南师范大学	PIONEER	1	2
2621	2024	南部赛区	32	B组第2轮	福建师范大学	Pikachu	南京航空航天大学	长空御风	0	2
2622	2024	南部赛区	33	A组第3轮	五邑大学	IMCA	深圳大学	RobotPilots	0	2
2623	2024	南部赛区	34	A组第3轮	西安交通大学	笃行	深圳职业技术大学	RCIA	2	0
2624	2024	南部赛区	35	A组第3轮	华南农业大学	Taurus	湖南大学	跃鹿	2	0
2625	2024	南部赛区	36	A组第3轮	佛山大学	醒狮	中南大学	FYT	0	2
2626	2024	南部赛区	37	A组第3轮	桂林电子科技大学	Evolution	西南交通大学	Helios	2	0
2627	2024	南部赛区	38	A组第3轮	南华大学	MA	北京理工大学（珠海）	毅恒	0	2
2628	2024	南部赛区	39	B组第3轮	电子科技大学中山学院	RoboBraver	中国人民解放军国防科技大学	军临	2	0
2629	2024	南部赛区	40	B组第3轮	重庆大学	千里	哈尔滨工业大学（深圳）	南工骁鹰	0	2
2630	2024	南部赛区	41	B组第3轮	大连理工大学	凌BUG	厦门大学	RCS	2	0
2631	2024	南部赛区	42	B组第3轮	华南师范大学	PIONEER	东北大学	TDT	0	2
2632	2024	南部赛区	43	B组第3轮	北京信息科技大学	星辰	南京航空航天大学	长空御风	0	2
2633	2024	南部赛区	44	B组第3轮	厦门理工学院	PFA	广州城市理工学院	野狼	1	2
2634	2024	南部赛区	45	16进8淘汰赛	哈尔滨工业大学（深圳）	南工骁鹰	北京理工大学（珠海）	毅恒	2	0
2635	2024	南部赛区	46	16进8淘汰赛	深圳职业技术大学	RCIA	东北大学	TDT	0	2
2636	2024	南部赛区	47	16进8淘汰赛	华南农业大学	Taurus	电子科技大学中山学院	RoboBraver	1	2
2637	2024	南部赛区	48	16进8淘汰赛	重庆大学	千里	五邑大学	IMCA	0	2
2638	2024	南部赛区	49	16进8淘汰赛	西安交通大学	笃行	广州城市理工学院	野狼	2	0
2639	2024	南部赛区	50	16进8淘汰赛	中国人民解放军国防科技大学	军临	桂林电子科技大学	Evolution	1	2
2640	2024	南部赛区	51	16进8淘汰赛	南京航空航天大学	长空御风	深圳大学	RobotPilots	0	2
2641	2024	南部赛区	52	16进8淘汰赛	中南大学	FYT	大连理工大学	凌BUG	2	0
2642	2024	南部赛区	53	8进4淘汰赛	东北大学	TDT	哈尔滨工业大学（深圳）	南工骁鹰	2	0
2643	2024	南部赛区	54	8进4淘汰赛	电子科技大学中山学院	RoboBraver	五邑大学	IMCA	2	0
2644	2024	南部赛区	55	8进4淘汰赛	桂林电子科技大学	Evolution	西安交通大学	笃行	2	1
2645	2024	南部赛区	56	8进4淘汰赛	深圳大学	RobotPilots	中南大学	FYT	2	0
2646	2024	南部赛区	57	全国赛名额争夺（9-16名）	北京理工大学（珠海）	毅恒	深圳职业技术大学	RCIA	2	0
2647	2024	南部赛区	58	全国赛名额争夺（9-16名）	重庆大学	千里	华南农业大学	Taurus	0	2
2648	2024	南部赛区	59	全国赛名额争夺（9-16名）	广州城市理工学院	野狼	中国人民解放军国防科技大学	军临	1	2
2649	2024	南部赛区	60	全国赛名额争夺（9-16名）	大连理工大学	凌BUG	南京航空航天大学	长空御风	0	2
2650	2024	南部赛区	61	半决赛	东北大学	TDT	桂林电子科技大学	Evolution	2	0
2651	2024	南部赛区	62	半决赛	电子科技大学中山学院	RoboBraver	深圳大学	RobotPilots	2	0
2652	2024	南部赛区	63	全国赛名额争夺（9-12名）	北京理工大学（珠海）	毅恒	中国人民解放军国防科技大学	军临	2	1
2653	2024	南部赛区	64	全国赛名额争夺（9-12名）	华南农业大学	Taurus	南京航空航天大学	长空御风	2	1
2654	2024	南部赛区	65	季军争夺战	桂林电子科技大学	Evolution	深圳大学	RobotPilots	0	3
2655	2024	南部赛区	66	冠军争夺战	东北大学	TDT	电子科技大学中山学院	RoboBraver	1	3
2656	2024	复活赛	1	第一赛段第一轮	华北科技学院	风暴	广州城市理工学院	野狼	2	0
2657	2024	复活赛	2	第一赛段第一轮	南京航空航天大学	长空御风	重庆大学	千里	2	0
2658	2024	复活赛	3	第一赛段第一轮	中国石油大学（华东）	RPS	南京航空航天大学金城学院	Born of Fire	2	0
2659	2024	复活赛	4	第一赛段第一轮	哈尔滨工程大学	创梦之翼	天津大学	北洋机甲	0	2
2660	2024	港澳台及海外赛区	1	小组赛Q	香港科技大学	ENTERPRIZE	德州农工大学	Texas Aimbots	2	0
2661	2024	港澳台及海外赛区	2	小组赛W	新潟联合大学	Phoenix Robots	香港大学	HerKules	0	2
2662	2024	港澳台及海外赛区	3	小组赛Q	关东联合大学	OOEDO SAMURAI	香港科技大学	ENTERPRIZE	0	2
2663	2024	港澳台及海外赛区	4	小组赛W	五大湖联合大学	The Great Lakes	新潟联合大学	Phoenix Robots	1	1
2664	2024	复活赛	5	第一赛段第一轮	上海工程技术大学	木鸢Birdiebot	南京理工大学	Alliance	2	0
2665	2024	复活赛	6	第一赛段第一轮	国防科技大学	军临	齐鲁工业大学	Adam	1	2
2666	2024	复活赛	7	第一赛段第一轮	深圳职业技术大学	RCIA	中国科学技术大学	RoboWalker	2	0
2667	2024	复活赛	8	第一赛段第一轮	大连理工大学	凌BUG	东莞理工学院	ACE	2	0
2668	2024	港澳台及海外赛区	5	小组赛Q	德州农工大学	Texas Aimbots	关东联合大学	OOEDO SAMURAI	0	2
2669	2024	港澳台及海外赛区	6	小组赛W	香港大学	HerKules	五大湖联合大学	The Great Lakes	2	0
2670	2024	复活赛	9	第一赛段第二轮	南京航空航天大学	长空御风	中国石油大学（华东）	RPS	1	2
2671	2024	复活赛	10	第一赛段第二轮	天津大学	北洋机甲	华北科技学院	风暴	2	0
2672	2024	复活赛	11	第一赛段第二轮	哈尔滨工程大学	创梦之翼	广州城市理工学院	野狼	2	1
2673	2024	复活赛	12	第一赛段第二轮	重庆大学	千里	南京航空航天大学金城学院	Born of Fire	0	2
2674	2024	复活赛	13	第一赛段第二轮	深圳职业技术大学	RCIA	齐鲁工业大学	Adam	0	2
2675	2024	复活赛	14	第一赛段第二轮	大连理工大学	凌BUG	上海工程技术大学	木鸢Birdiebot	1	2
2676	2024	复活赛	15	第一赛段第二轮	东莞理工学院	ACE	南京理工大学	Alliance	0	2
2677	2024	复活赛	16	第一赛段第二轮	中国科学技术大学	RoboWalker	国防科技大学	军临	2	1
2678	2024	港澳台及海外赛区	7	淘汰赛	香港科技大学	ENTERPRIZE	新潟联合大学	Phoenix Robots	2	0
2679	2024	港澳台及海外赛区	8	淘汰赛	香港大学	HerKules	关东联合大学	OOEDO SAMURAI	2	0
2680	2024	复活赛	17	第一赛段第三轮	中国石油大学（华东）	RPS	天津大学	北洋机甲	2	0
2681	2024	复活赛	18	第一赛段第三轮	华北科技学院	风暴	哈尔滨工程大学	创梦之翼	2	0
2682	2024	复活赛	19	第一赛段第三轮	南京航空航天大学金城学院	Born of Fire	南京航空航天大学	长空御风	0	2
2683	2024	复活赛	20	第一赛段第三轮	齐鲁工业大学	Adam	上海工程技术大学	木鸢Birdiebot	2	0
2684	2024	复活赛	21	第一赛段第三轮	大连理工大学	凌BUG	深圳职业技术大学	RCIA	1	2
2685	2024	复活赛	22	第一赛段第三轮	南京理工大学	Alliance	中国科学技术大学	RoboWalker	0	2
2686	2024	复活赛	23	第二赛段第一轮	天津大学	北洋机甲	上海工程技术大学	木鸢Birdiebot	0	2
2687	2024	复活赛	24	第二赛段第一轮	深圳职业技术大学	RCIA	南京航空航天大学	长空御风	0	2
2688	2024	复活赛	25	第二赛段第一轮	中国科学技术大学	RoboWalker	香港科技大学	ENTERPRIZE	2	0
2689	2024	复活赛	26	第二赛段第一轮	香港大学	HerKules	华北科技学院	风暴	0	2
2690	2024	复活赛	27	第二赛段第二轮	华北科技学院	风暴	南京航空航天大学	长空御风	0	2
2691	2024	复活赛	28	第二赛段第二轮	上海工程技术大学	木鸢Birdiebot	中国科学技术大学	RoboWalker	2	0
2692	2024	复活赛	29	第二赛段第二轮	天津大学	北洋机甲	香港科技大学	ENTERPRIZE	0	2
2693	2024	复活赛	30	第二赛段第二轮	香港大学	HerKules	深圳职业技术大学	RCIA	0	2
2694	2024	复活赛	31	第二赛段第三轮	上海工程技术大学	木鸢Birdiebot	南京航空航天大学	长空御风	2	0
2695	2024	复活赛	32	第二赛段第三轮	华北科技学院	风暴	中国科学技术大学	RoboWalker	2	1
2696	2024	复活赛	33	第二赛段第三轮	深圳职业技术大学	RCIA	香港科技大学	ENTERPRIZE	0	2
2697	2024	复活赛	34	晋级名额争夺战	华北科技学院	风暴	香港科技大学	ENTERPRIZE	2	0
2698	2024	复活赛	35	晋级名额争夺战	南京航空航天大学	长空御风	华北科技学院	风暴	2	0
2699	2024	全国赛	1	A组第1轮	北京理工大学	追梦	中国石油大学（华东）	RPS	0	2
2700	2024	全国赛	2	A组第1轮	电子科技大学中山学院	RoboBraver	哈尔滨工业大学（威海）	HERO	2	0
2701	2024	全国赛	3	A组第1轮	华南农业大学	Taurus	桂林信息科技学院	GIRT	2	0
2702	2024	全国赛	4	A组第1轮	西安电子科技大学	IRobot	浙江大学	Hello World	1	2
2703	2024	全国赛	5	A组第1轮	哈尔滨工业大学	I Hiter	西安交通大学	笃行	0	2
2704	2024	全国赛	6	A组第1轮	桂林电子科技大学	Evolution	东南大学	3SE	2	1
2705	2024	全国赛	7	A组第1轮	南京航空航天大学	长空御风	南方科技大学	ARTINX	0	2
2706	2024	全国赛	8	A组第1轮	上海工程技术大学	木鸢Birdiebot	哈尔滨工业大学（深圳）	南工骁鹰	2	0
2707	2024	全国赛	9	B组第1轮	北京理工大学（珠海）	毅恒	上海交通大学	交龙	0	2
2708	2024	全国赛	10	B组第1轮	太原工业学院	火线	东北大学	TDT	0	2
2709	2024	全国赛	11	B组第1轮	广东工业大学	DynamicX	太原科技大学	NewMaker	2	0
2710	2024	全国赛	12	B组第1轮	深圳大学	RobotPilots	齐鲁工业大学	Adam	2	0
2711	2024	全国赛	13	B组第1轮	中南大学	FYT	太原理工大学	TRoMaC	0	2
2712	2024	全国赛	14	B组第1轮	五邑大学	IMCA	华中科技大学	狼牙	0	2
2713	2024	全国赛	15	B组第1轮	南昌大学	Passion	首都师范大学	PIE	0	2
2714	2024	全国赛	16	B组第1轮	华南理工大学	华南虎	吉林大学	TARS_Go	2	0
2715	2024	全国赛	17	A组第2轮	浙江大学	Hello World	桂林电子科技大学	Evolution	2	1
2716	2024	全国赛	18	A组第2轮	西安交通大学	笃行	华南农业大学	Taurus	2	0
2717	2024	全国赛	19	A组第2轮	电子科技大学中山学院	RoboBraver	中国石油大学（华东）	RPS	0	2
2718	2024	全国赛	20	A组第2轮	南方科技大学	ARTINX	上海工程技术大学	木鸢Birdiebot	2	0
2719	2024	全国赛	21	A组第2轮	南京航空航天大学	长空御风	哈尔滨工业大学（深圳）	南工骁鹰	2	0
2720	2024	全国赛	22	A组第2轮	哈尔滨工业大学（威海）	HERO	北京理工大学	追梦	1	2
2721	2024	全国赛	23	A组第2轮	哈尔滨工业大学	I Hiter	桂林信息科技学院	GIRT	2	0
2722	2024	全国赛	24	A组第2轮	西安电子科技大学	IRobot	东南大学	3SE	1	2
2723	2024	全国赛	25	B组第2轮	华中科技大学	狼牙	深圳大学	RobotPilots	0	2
2724	2024	全国赛	26	B组第2轮	广东工业大学	DynamicX	太原理工大学	TRoMaC	2	0
2725	2024	全国赛	27	B组第2轮	东北大学	TDT	上海交通大学	交龙	0	2
2726	2024	全国赛	28	B组第2轮	华南理工大学	华南虎	首都师范大学	PIE	2	0
2727	2024	全国赛	29	B组第2轮	吉林大学	TARS_Go	南昌大学	Passion	0	2
2728	2024	全国赛	30	B组第2轮	太原工业学院	火线	北京理工大学（珠海）	毅恒	2	0
2729	2024	全国赛	31	B组第2轮	太原科技大学	NewMaker	中南大学	FYT	0	2
2730	2024	全国赛	32	B组第2轮	五邑大学	IMCA	齐鲁工业大学	Adam	0	2
2731	2024	全国赛	33	A组第3轮	西安交通大学	笃行	南方科技大学	ARTINX	2	1
2732	2024	全国赛	34	A组第3轮	中国石油大学（华东）	RPS	浙江大学	Hello World	2	0
2733	2024	全国赛	35	A组第3轮	电子科技大学中山学院	RoboBraver	桂林电子科技大学	Evolution	0	2
2734	2024	全国赛	36	A组第3轮	南京航空航天大学	长空御风	北京理工大学	追梦	1	2
2735	2024	全国赛	37	A组第3轮	华南农业大学	Taurus	哈尔滨工业大学	I Hiter	2	1
2736	2024	全国赛	38	A组第3轮	上海工程技术大学	木鸢Birdiebot	东南大学	3SE	1	2
2737	2024	全国赛	39	A组第3轮	哈尔滨工业大学（深圳）	南工骁鹰	西安电子科技大学	IRobot	0	2
2738	2024	全国赛	40	A组第3轮	哈尔滨工业大学（威海）	HERO	桂林信息科技学院	GIRT	0	2
2739	2024	全国赛	41	B组第3轮	上海交通大学	交龙	深圳大学	RobotPilots	2	1
2740	2024	全国赛	42	B组第3轮	广东工业大学	DynamicX	华南理工大学	华南虎	0	2
2741	2024	全国赛	43	B组第3轮	太原理工大学	TRoMaC	东北大学	TDT	2	1
2742	2024	全国赛	44	B组第3轮	首都师范大学	PIE	华中科技大学	狼牙	2	1
2743	2024	全国赛	45	B组第3轮	太原工业学院	火线	齐鲁工业大学	Adam	2	0
2744	2024	全国赛	46	B组第3轮	中南大学	FYT	南昌大学	Passion	2	1
2745	2024	全国赛	47	B组第3轮	吉林大学	TARS_Go	北京理工大学（珠海）	毅恒	2	0
2746	2024	全国赛	48	B组第3轮	太原科技大学	NewMaker	五邑大学	IMCA	1	2
2747	2024	全国赛	49	A组第4轮	浙江大学	Hello World	南方科技大学	ARTINX	2	0
2748	2024	全国赛	50	A组第4轮	东南大学	3SE	华南农业大学	Taurus	0	2
2749	2024	全国赛	51	A组第4轮	桂林电子科技大学	Evolution	北京理工大学	追梦	2	0
2750	2024	全国赛	52	A组第4轮	哈尔滨工业大学	I Hiter	电子科技大学中山学院	RoboBraver	0	2
2751	2024	全国赛	53	A组第4轮	上海工程技术大学	木鸢Birdiebot	南京航空航天大学	长空御风	0	2
2752	2024	全国赛	54	A组第4轮	桂林信息科技学院	GIRT	西安电子科技大学	IRobot	2	0
2753	2024	全国赛	55	B组第4轮	深圳大学	RobotPilots	首都师范大学	PIE	2	0
2754	2024	全国赛	56	B组第4轮	广东工业大学	DynamicX	太原理工大学	TRoMaC	0	2
2755	2024	全国赛	57	B组第4轮	中南大学	FYT	太原工业学院	火线	0	2
2756	2024	全国赛	58	B组第4轮	齐鲁工业大学	Adam	东北大学	TDT	0	2
2757	2024	全国赛	59	B组第4轮	南昌大学	Passion	华中科技大学	狼牙	2	0
2758	2024	全国赛	60	B组第4轮	吉林大学	TARS_Go	五邑大学	IMCA	2	0
2759	2024	全国赛	61	A组第5轮	北京理工大学	追梦	南方科技大学	ARTINX	2	0
2760	2024	全国赛	62	A组第5轮	东南大学	3SE	电子科技大学中山学院	RoboBraver	2	1
2761	2024	全国赛	63	A组第5轮	南京航空航天大学	长空御风	桂林信息科技学院	GIRT	2	0
2762	2024	全国赛	64	B组第5轮	东北大学	TDT	首都师范大学	PIE	2	1
2763	2024	全国赛	65	B组第5轮	中南大学	FYT	广东工业大学	DynamicX	1	2
2764	2024	全国赛	66	B组第5轮	吉林大学	TARS_Go	南昌大学	Passion	0	2
2765	2024	全国赛	67	16进8淘汰赛	上海交通大学	交龙	南京航空航天大学	长空御风	2	0
2766	2024	全国赛	68	16进8淘汰赛	太原工业学院	火线	桂林电子科技大学	Evolution	2	0
2767	2024	全国赛	69	16进8淘汰赛	东南大学	3SE	华南理工大学	华南虎	0	2
2768	2024	全国赛	70	16进8淘汰赛	浙江大学	Hello World	东北大学	TDT	2	1
2769	2024	全国赛	71	16进8淘汰赛	北京理工大学	追梦	太原理工大学	TRoMaC	0	2
2770	2024	全国赛	72	16进8淘汰赛	西安交通大学	笃行	广东工业大学	DynamicX	2	1
2771	2024	全国赛	73	16进8淘汰赛	深圳大学	RobotPilots	华南农业大学	Taurus	2	1
2772	2024	全国赛	74	16进8淘汰赛	南昌大学	Passion	中国石油大学（华东）	RPS	0	2
2773	2024	全国赛	75	16进8败者组第一轮	南京航空航天大学	长空御风	桂林电子科技大学	Evolution	2	0
2774	2024	全国赛	76	16进8败者组第一轮	东北大学	TDT	东南大学	3SE	2	0
2775	2024	全国赛	77	16进8败者组第一轮	北京理工大学	追梦	广东工业大学	DynamicX	1	2
2776	2024	全国赛	78	16进8败者组第一轮	南昌大学	Passion	华南农业大学	Taurus	2	0
2777	2024	全国赛	79	16进8胜者组	上海交通大学	交龙	太原工业学院	火线	2	0
2778	2024	全国赛	80	16进8胜者组	浙江大学	Hello World	华南理工大学	华南虎	2	0
2779	2024	全国赛	81	16进8胜者组	太原理工大学	TRoMaC	西安交通大学	笃行	2	0
2780	2024	全国赛	82	16进8胜者组	中国石油大学（华东）	RPS	深圳大学	RobotPilots	2	0
2781	2024	全国赛	83	16进8败者组第二轮	南昌大学	Passion	太原工业学院	火线	2	0
2782	2024	全国赛	84	16进8败者组第二轮	广东工业大学	DynamicX	华南理工大学	华南虎	0	2
2783	2024	全国赛	85	16进8败者组第二轮	西安交通大学	笃行	东北大学	TDT	0	2
2784	2024	全国赛	86	16进8败者组第二轮	深圳大学	RobotPilots	南京航空航天大学	长空御风	2	1
2785	2024	全国赛	87	8进4胜者组	上海交通大学	交龙	太原理工大学	TRoMaC	2	0
2786	2024	全国赛	88	8进4胜者组	浙江大学	Hello World	中国石油大学（华东）	RPS	2	1
2787	2024	全国赛	89	8 进 4 败者组第一轮	南昌大学	Passion	东北大学	TDT	0	2
2788	2024	全国赛	90	8 进 4 败者组第一轮	华南理工大学	华南虎	深圳大学	RobotPilots	2	1
2789	2024	全国赛	91	8 进 4 败者组第二轮	太原理工大学	TRoMaC	东北大学	TDT	0	2
2790	2024	全国赛	92	8 进 4 败者组第二轮	中国石油大学（华东）	RPS	华南理工大学	华南虎	0	2
2791	2024	全国赛	93	半决赛	东北大学	TDT	上海交通大学	交龙	0	2
2792	2024	全国赛	94	半决赛	浙江大学	Hello World	华南理工大学	华南虎	1	2
2793	2024	全国赛	95	季军争夺战	东北大学	TDT	浙江大学	Hello World	3	0
2794	2024	全国赛	96	冠军争夺战	上海交通大学	交龙	华南理工大学	华南虎	3	0
2795	2024	全国赛	97	全明星赛	创新者	INNOVATOR	缔造者	CREATOR	2	0
2796	2025	南部赛区	1	A组第1轮	华南理工大学	华南虎	桂林理工大学	群星	2	0
2797	2025	南部赛区	2	A组第1轮	深圳技术大学	悍匠	广州城市理工学院	野狼	0	2
2798	2025	南部赛区	3	A组第1轮	仲恺农业工程学院	奇点	中国石油大学（华东）	RPS	1	2
2799	2025	南部赛区	4	A组第1轮	桂林信息科技学院	GIRT	佛山大学	醒狮	2	1
2800	2025	南部赛区	5	A组第1轮	桂林电子科技大学	Evolution	厦门大学嘉庚学院	TCR	2	0
2801	2025	南部赛区	6	A组第1轮	北方工业大学	DreamTeam	北京信息科技大学	星辰	2	1
2802	2025	南部赛区	7	A组第1轮	云南大学	Future	广东工业大学	DynamicX	0	2
2803	2025	南部赛区	8	A组第1轮	华北科技学院	风暴	深圳职业技术大学	RCIA	2	0
2804	2025	南部赛区	9	B组第1轮	南方科技大学	ARTINX	太原理工大学	TRoMaC	1	2
2805	2025	南部赛区	10	B组第1轮	电子科技大学中山学院	RoboBraver	成都信息工程大学	风信子	2	0
2806	2025	南部赛区	11	B组第1轮	五邑大学	IMCA	华南农业大学	Taurus	0	2
2807	2025	南部赛区	12	B组第1轮	北京工业大学	PIP	广西大学	ROBOTZ	0	2
2808	2025	南部赛区	13	B组第1轮	哈尔滨工业大学（深圳）	南工骁鹰	香港科技大学（广州）	PnX	2	0
2809	2025	南部赛区	14	B组第1轮	东莞理工学院	ACE	北京理工大学（珠海）	毅恒	2	0
2810	2025	南部赛区	15	B组第1轮	东北大学秦皇岛分校	征龙凌沧	深圳大学	RobotPilots	0	2
2811	2025	南部赛区	16	B组第1轮	华北理工大学	Horizon	福建理工大学	苍侠	0	2
2812	2025	南部赛区	17	A组第2轮	桂林信息科技学院	GIRT	中国石油大学（华东）	RPS	0	2
2813	2025	南部赛区	18	A组第2轮	华南理工大学	华南虎	北方工业大学	DreamTeam	2	0
2814	2025	南部赛区	19	A组第2轮	广东工业大学	DynamicX	广州城市理工学院	野狼	2	0
2815	2025	南部赛区	20	A组第2轮	华北科技学院	风暴	桂林电子科技大学	Evolution	2	0
2816	2025	南部赛区	21	A组第2轮	深圳职业技术大学	RCIA	厦门大学嘉庚学院	TCR	1	2
2817	2025	南部赛区	22	A组第2轮	云南大学	Future	深圳技术大学	悍匠	2	0
2818	2025	南部赛区	23	A组第2轮	桂林理工大学	群星	北京信息科技大学	星辰	2	0
2819	2025	南部赛区	24	A组第2轮	佛山大学	醒狮	仲恺农业工程学院	奇点	2	0
2820	2025	南部赛区	25	B组第2轮	电子科技大学中山学院	RoboBraver	太原理工大学	TRoMaC	0	2
2821	2025	南部赛区	26	B组第2轮	华南农业大学	Taurus	深圳大学	RobotPilots	2	0
2822	2025	南部赛区	27	B组第2轮	东莞理工学院	ACE	福建理工大学	苍侠	2	0
2823	2025	南部赛区	28	B组第2轮	哈尔滨工业大学（深圳）	南工骁鹰	广西大学	ROBOTZ	2	0
2824	2025	南部赛区	29	B组第2轮	香港科技大学（广州）	PnX	北京工业大学	PIP	2	0
2825	2025	南部赛区	30	B组第2轮	北京理工大学（珠海）	毅恒	华北理工大学	Horizon	2	0
2826	2025	南部赛区	31	B组第2轮	五邑大学	IMCA	东北大学秦皇岛分校	征龙凌沧	2	0
2827	2025	南部赛区	32	B组第2轮	成都信息工程大学	风信子	南方科技大学	ARTINX	0	2
2828	2025	南部赛区	33	A组第3轮	广东工业大学	DynamicX	华南理工大学	华南虎	2	0
2829	2025	南部赛区	34	A组第3轮	华北科技学院	风暴	中国石油大学（华东）	RPS	0	2
2830	2025	南部赛区	35	A组第3轮	桂林电子科技大学	Evolution	桂林信息科技学院	GIRT	0	2
2831	2025	南部赛区	36	A组第3轮	桂林理工大学	群星	北方工业大学	DreamTeam	0	2
2832	2025	南部赛区	37	A组第3轮	云南大学	Future	广州城市理工学院	野狼	0	2
2833	2025	南部赛区	38	A组第3轮	厦门大学嘉庚学院	TCR	佛山大学	醒狮	0	2
2834	2025	南部赛区	39	A组第3轮	深圳职业技术大学	RCIA	仲恺农业工程学院	奇点	0	2
2835	2025	南部赛区	40	A组第3轮	北京信息科技大学	星辰	深圳技术大学	悍匠	0	2
2836	2025	南部赛区	41	B组第3轮	太原理工大学	TRoMaC	华南农业大学	Taurus	2	0
2837	2025	南部赛区	42	B组第3轮	哈尔滨工业大学（深圳）	南工骁鹰	东莞理工学院	ACE	2	0
2838	2025	南部赛区	43	B组第3轮	福建理工大学	苍侠	深圳大学	RobotPilots	0	2
2839	2025	南部赛区	44	B组第3轮	香港科技大学（广州）	PnX	五邑大学	IMCA	0	2
2840	2025	南部赛区	45	B组第3轮	广西大学	ROBOTZ	北京理工大学（珠海）	毅恒	0	2
2841	2025	南部赛区	46	B组第3轮	电子科技大学中山学院	RoboBraver	南方科技大学	ARTINX	1	2
2842	2025	南部赛区	47	B组第3轮	北京工业大学	PIP	成都信息工程大学	风信子	0	2
2843	2025	南部赛区	48	B组第3轮	东北大学秦皇岛分校	征龙凌沧	华北理工大学	Horizon	2	0
2844	2025	南部赛区	49	A组第4轮	华南理工大学	华南虎	桂林信息科技学院	GIRT	2	0
2845	2025	南部赛区	50	A组第4轮	广州城市理工学院	野狼	华北科技学院	风暴	0	2
2846	2025	南部赛区	51	A组第4轮	佛山大学	醒狮	北方工业大学	DreamTeam	0	2
2847	2025	南部赛区	52	A组第4轮	仲恺农业工程学院	奇点	云南大学	Future	2	0
2848	2025	南部赛区	53	A组第4轮	桂林理工大学	群星	桂林电子科技大学	Evolution	0	2
2849	2025	南部赛区	54	A组第4轮	厦门大学嘉庚学院	TCR	深圳技术大学	悍匠	2	1
2850	2025	南部赛区	55	B组第4轮	东莞理工学院	ACE	华南农业大学	Taurus	0	2
2851	2025	南部赛区	56	B组第4轮	南方科技大学	ARTINX	五邑大学	IMCA	2	0
2852	2025	南部赛区	57	B组第4轮	深圳大学	RobotPilots	北京理工大学（珠海）	毅恒	2	0
2853	2025	南部赛区	58	B组第4轮	广西大学	ROBOTZ	电子科技大学中山学院	RoboBraver	0	2
2854	2025	南部赛区	59	B组第4轮	福建理工大学	苍侠	香港科技大学（广州）	PnX	2	1
2855	2025	南部赛区	60	B组第4轮	东北大学秦皇岛分校	征龙凌沧	成都信息工程大学	风信子	2	0
2856	2025	南部赛区	61	A组第5轮	桂林信息科技学院	GIRT	广州城市理工学院	野狼	2	0
2857	2025	南部赛区	62	A组第5轮	佛山大学	醒狮	仲恺农业工程学院	奇点	2	0
2858	2025	南部赛区	63	A组第5轮	厦门大学嘉庚学院	TCR	桂林电子科技大学	Evolution	2	1
2859	2025	南部赛区	64	B组第5轮	东莞理工学院	ACE	五邑大学	IMCA	0	2
2860	2025	南部赛区	65	B组第5轮	电子科技大学中山学院	RoboBraver	福建理工大学	苍侠	2	0
2861	2025	南部赛区	66	B组第5轮	北京理工大学（珠海）	毅恒	东北大学秦皇岛分校	征龙凌沧	2	0
2862	2025	南部赛区	67	16进8淘汰赛	太原理工大学	TRoMaC	厦门大学嘉庚学院	TCR	2	0
2863	2025	南部赛区	68	16进8淘汰赛	深圳大学	RobotPilots	北方工业大学	DreamTeam	2	0
2864	2025	南部赛区	69	16进8淘汰赛	佛山大学	醒狮	哈尔滨工业大学（深圳）	南工骁鹰	2	0
2865	2025	南部赛区	70	16进8淘汰赛	华南理工大学	华南虎	五邑大学	IMCA	2	1
2866	2025	南部赛区	71	16进8淘汰赛	桂林信息科技学院	GIRT	华南农业大学	Taurus	0	2
2867	2025	南部赛区	72	16进8淘汰赛	广东工业大学	DynamicX	电子科技大学中山学院	RoboBraver	0	2
2868	2025	南部赛区	73	16进8淘汰赛	南方科技大学	ARTINX	华北科技学院	风暴	2	0
2869	2025	南部赛区	74	16进8淘汰赛	北京理工大学（珠海）	毅恒	中国石油大学（华东）	RPS	0	2
2870	2025	南部赛区	75	8进4淘汰赛	太原理工大学	TRoMaC	深圳大学	RobotPilots	1	2
2871	2025	南部赛区	76	8进4淘汰赛	华南理工大学	华南虎	佛山大学	醒狮	2	0
2872	2025	南部赛区	77	8进4淘汰赛	华南农业大学	Taurus	电子科技大学中山学院	RoboBraver	2	1
2873	2025	南部赛区	78	8进4淘汰赛	中国石油大学（华东）	RPS	南方科技大学	ARTINX	1	2
2874	2025	南部赛区	79	全国赛名额争夺（9-16名）	厦门大学嘉庚学院	TCR	北方工业大学	DreamTeam	0	2
2875	2025	南部赛区	80	全国赛名额争夺（9-16名）	五邑大学	IMCA	哈尔滨工业大学（深圳）	南工骁鹰	2	0
2876	2025	南部赛区	81	全国赛名额争夺（9-16名）	桂林信息科技学院	GIRT	广东工业大学	DynamicX	0	2
2877	2025	南部赛区	82	全国赛名额争夺（9-16名）	北京理工大学（珠海）	毅恒	华北科技学院	风暴	0	2
2878	2025	南部赛区	83	半决赛	深圳大学	RobotPilots	华南农业大学	Taurus	1	2
2879	2025	南部赛区	84	半决赛	华南理工大学	华南虎	南方科技大学	ARTINX	2	0
2880	2025	南部赛区	85	全国赛名额争夺（9-12名）	北方工业大学	DreamTeam	广东工业大学	DynamicX	0	2
2881	2025	南部赛区	86	全国赛名额争夺（9-12名）	五邑大学	IMCA	华北科技学院	风暴	2	0
2882	2025	南部赛区	87	季军争夺战	深圳大学	RobotPilots	南方科技大学	ARTINX	3	0
2883	2025	南部赛区	88	全国赛名额争夺（11-12名）	北方工业大学	DreamTeam	华北科技学院	风暴	2	1
2884	2025	南部赛区	89	冠军争夺战	华南农业大学	Taurus	华南理工大学	华南虎	2	3
2885	2025	中部赛区	1	A组第1轮	哈尔滨工业大学	I Hiter	武汉工程大学	Nautilus	1	2
2886	2025	中部赛区	2	A组第1轮	沈阳理工大学	Ambition	成都大学	Ultra	2	1
2887	2025	中部赛区	3	A组第1轮	东北林业大学	Ares	西安交通大学	笃行	0	2
2888	2025	中部赛区	4	A组第1轮	合肥工业大学（宣城校区）	WDR	长沙理工大学	云嵌	2	0
2889	2025	中部赛区	5	A组第1轮	浙江大学	Hello World	西南石油大学	铁人	2	0
2890	2025	中部赛区	6	A组第1轮	国防科技大学	军临	湖南大学	跃鹿	2	0
2891	2025	中部赛区	7	A组第1轮	南华大学	MA	哈尔滨工程大学	创梦之翼	0	2
2892	2025	中部赛区	8	A组第1轮	合肥工业大学	苍穹	湘潭大学	逐曦	2	0
2893	2025	中部赛区	9	B组第1轮	南昌大学	Passion	中国科学技术大学	RoboWalker	0	2
2894	2025	中部赛区	10	B组第1轮	华东理工大学	起源	重庆理工大学	士继DREAMER	2	0
2895	2025	中部赛区	11	B组第1轮	西北工业大学	WMJ	上海交通大学	交龙	0	2
2896	2025	中部赛区	12	B组第1轮	四川大学	火锅	河北科技大学	Actor&Thinker	0	2
2897	2025	中部赛区	13	B组第1轮	西安电子科技大学	IRobot	西南交通大学	Helios	2	0
2898	2025	中部赛区	14	B组第1轮	长安大学	VGD	安徽信息工程学院	Artisans	0	2
2899	2025	中部赛区	15	B组第1轮	重庆大学	千里	中南大学	FYT	0	2
2900	2025	中部赛区	16	B组第1轮	南京航空航天大学金城学院	Born of Fire	沈阳航空航天大学	TUP	2	0
2901	2025	中部赛区	17	A组第2轮	沈阳理工大学	Ambition	武汉工程大学	Nautilus	0	2
2902	2025	中部赛区	18	A组第2轮	西安交通大学	笃行	合肥工业大学（宣城校区）	WDR	0	2
2903	2025	中部赛区	19	A组第2轮	国防科技大学	军临	浙江大学	Hello World	0	2
2904	2025	中部赛区	20	A组第2轮	合肥工业大学	苍穹	哈尔滨工程大学	创梦之翼	0	2
2905	2025	中部赛区	21	A组第2轮	湘潭大学	逐曦	南华大学	MA	0	2
2906	2025	中部赛区	22	A组第2轮	湖南大学	跃鹿	西南石油大学	铁人	2	0
2907	2025	中部赛区	23	A组第2轮	东北林业大学	Ares	长沙理工大学	云嵌	2	0
2908	2025	中部赛区	24	A组第2轮	成都大学	Ultra	哈尔滨工业大学	I Hiter	0	2
2909	2025	中部赛区	25	B组第2轮	西安电子科技大学	IRobot	南京航空航天大学金城学院	Born of Fire	1	2
2910	2025	中部赛区	26	B组第2轮	上海交通大学	交龙	华东理工大学	起源	2	0
2911	2025	中部赛区	27	B组第2轮	安徽信息工程学院	Artisans	中南大学	FYT	1	2
2912	2025	中部赛区	28	B组第2轮	中国科学技术大学	RoboWalker	河北科技大学	Actor&Thinker	2	0
2913	2025	中部赛区	29	B组第2轮	南昌大学	Passion	四川大学	火锅	2	0
2914	2025	中部赛区	30	B组第2轮	长安大学	VGD	重庆大学	千里	2	1
2915	2025	中部赛区	31	B组第2轮	西北工业大学	WMJ	重庆理工大学	士继DREAMER	2	0
2916	2025	中部赛区	32	B组第2轮	西南交通大学	Helios	沈阳航空航天大学	TUP	2	0
2917	2025	中部赛区	33	A组第3轮	哈尔滨工程大学	创梦之翼	武汉工程大学	Nautilus	2	1
2918	2025	中部赛区	34	A组第3轮	合肥工业大学（宣城校区）	WDR	浙江大学	Hello World	0	2
2919	2025	中部赛区	35	A组第3轮	国防科技大学	军临	西安交通大学	笃行	0	2
2920	2025	中部赛区	36	A组第3轮	南华大学	MA	哈尔滨工业大学	I Hiter	0	2
2921	2025	中部赛区	37	A组第3轮	沈阳理工大学	Ambition	合肥工业大学	苍穹	0	2
2922	2025	中部赛区	38	A组第3轮	湖南大学	跃鹿	东北林业大学	Ares	0	2
2923	2025	中部赛区	39	A组第3轮	长沙理工大学	云嵌	西南石油大学	铁人	0	2
2924	2025	中部赛区	40	A组第3轮	成都大学	Ultra	湘潭大学	逐曦	2	0
2925	2025	中部赛区	41	B组第3轮	中国科学技术大学	RoboWalker	上海交通大学	交龙	0	2
2926	2025	中部赛区	42	B组第3轮	中南大学	FYT	南京航空航天大学金城学院	Born of Fire	0	2
2927	2025	中部赛区	43	B组第3轮	安徽信息工程学院	Artisans	西安电子科技大学	IRobot	0	2
2928	2025	中部赛区	44	B组第3轮	华东理工大学	起源	西北工业大学	WMJ	0	2
2929	2025	中部赛区	45	B组第3轮	南昌大学	Passion	河北科技大学	Actor&Thinker	2	0
2930	2025	中部赛区	46	B组第3轮	长安大学	VGD	西南交通大学	Helios	0	2
2931	2025	中部赛区	47	B组第3轮	重庆大学	千里	沈阳航空航天大学	TUP	2	0
2932	2025	中部赛区	48	B组第3轮	重庆理工大学	士继DREAMER	四川大学	火锅	0	2
2933	2025	中部赛区	49	A组第4轮	西安交通大学	笃行	武汉工程大学	Nautilus	0	2
2934	2025	中部赛区	50	A组第4轮	合肥工业大学（宣城校区）	WDR	哈尔滨工业大学	I Hiter	1	2
2935	2025	中部赛区	51	A组第4轮	合肥工业大学	苍穹	东北林业大学	Ares	0	2
2936	2025	中部赛区	52	A组第4轮	沈阳理工大学	Ambition	国防科技大学	军临	2	1
2937	2025	中部赛区	53	A组第4轮	西南石油大学	铁人	南华大学	MA	2	0
2938	2025	中部赛区	54	A组第4轮	湖南大学	跃鹿	成都大学	Ultra	1	2
2939	2025	中部赛区	55	B组第4轮	中国科学技术大学	RoboWalker	西安电子科技大学	IRobot	2	1
2940	2025	中部赛区	56	B组第4轮	中南大学	FYT	南昌大学	Passion	0	2
2941	2025	中部赛区	57	B组第4轮	西北工业大学	WMJ	西南交通大学	Helios	2	0
2942	2025	中部赛区	58	B组第4轮	河北科技大学	Actor&Thinker	华东理工大学	起源	0	2
2943	2025	中部赛区	59	B组第4轮	长安大学	VGD	安徽信息工程学院	Artisans	0	2
2944	2025	中部赛区	60	B组第4轮	四川大学	火锅	重庆大学	千里	2	0
2945	2025	中部赛区	61	A组第5轮	西安交通大学	笃行	合肥工业大学（宣城校区）	WDR	2	0
2946	2025	中部赛区	62	A组第5轮	沈阳理工大学	Ambition	合肥工业大学	苍穹	2	0
2947	2025	中部赛区	63	A组第5轮	成都大学	Ultra	西南石油大学	铁人	0	2
2948	2025	中部赛区	64	B组第5轮	西安电子科技大学	IRobot	中南大学	FYT	1	2
2949	2025	中部赛区	65	B组第5轮	华东理工大学	起源	安徽信息工程学院	Artisans	2	0
2950	2025	中部赛区	66	B组第5轮	四川大学	火锅	西南交通大学	Helios	2	1
2951	2025	中部赛区	67	16进8淘汰赛	上海交通大学	交龙	西南石油大学	铁人	2	0
2952	2025	中部赛区	68	16进8淘汰赛	南昌大学	Passion	哈尔滨工业大学	I Hiter	1	2
2953	2025	中部赛区	69	16进8淘汰赛	沈阳理工大学	Ambition	南京航空航天大学金城学院	Born of Fire	0	2
2954	2025	中部赛区	70	16进8淘汰赛	武汉工程大学	Nautilus	中南大学	FYT	1	2
2955	2025	中部赛区	71	16进8淘汰赛	西安交通大学	笃行	中国科学技术大学	RoboWalker	1	2
2956	2025	中部赛区	72	16进8淘汰赛	哈尔滨工程大学	创梦之翼	华东理工大学	起源	2	0
2957	2025	中部赛区	73	16进8淘汰赛	西北工业大学	WMJ	东北林业大学	Ares	2	0
2958	2025	中部赛区	74	16进8淘汰赛	四川大学	火锅	浙江大学	Hello World	0	2
2959	2025	中部赛区	75	8进4淘汰赛	上海交通大学	交龙	哈尔滨工业大学	I Hiter	0	2
2960	2025	中部赛区	76	8进4淘汰赛	中南大学	FYT	南京航空航天大学金城学院	Born of Fire	1	2
2961	2025	中部赛区	77	8进4淘汰赛	中国科学技术大学	RoboWalker	哈尔滨工程大学	创梦之翼	2	0
2962	2025	中部赛区	78	8进4淘汰赛	浙江大学	Hello World	西北工业大学	WMJ	0	2
2963	2025	中部赛区	79	复活赛名额争夺（9-16名）	西南石油大学	铁人	南昌大学	Passion	0	2
2964	2025	中部赛区	80	复活赛名额争夺（9-16名）	武汉工程大学	Nautilus	沈阳理工大学	Ambition	2	0
2965	2025	中部赛区	81	复活赛名额争夺（9-16名）	西安交通大学	笃行	华东理工大学	起源	2	0
2966	2025	中部赛区	82	复活赛名额争夺（9-16名）	四川大学	火锅	东北林业大学	Ares	2	1
2967	2025	中部赛区	83	半决赛	哈尔滨工业大学	I Hiter	中国科学技术大学	RoboWalker	1	2
2968	2025	中部赛区	84	半决赛	南京航空航天大学金城学院	Born of Fire	西北工业大学	WMJ	0	2
2969	2025	中部赛区	85	复活赛名额争夺（13-16名）	西南石油大学	铁人	华东理工大学	起源	0	2
2970	2025	中部赛区	86	复活赛名额争夺（13-16名）	沈阳理工大学	Ambition	东北林业大学	Ares	1	2
2971	2025	中部赛区	87	季军争夺战	哈尔滨工业大学	I Hiter	南京航空航天大学金城学院	Born of Fire	1	3
2972	2025	中部赛区	88	冠军争夺战	中国科学技术大学	RoboWalker	西北工业大学	WMJ	3	1
2973	2025	东部赛区	1	A组第1轮	北京理工大学	追梦	大连理工大学	凌BUG	0	2
2974	2025	东部赛区	2	A组第1轮	中北大学	606	山东理工大学	齐奇	0	2
2975	2025	东部赛区	3	A组第1轮	齐鲁工业大学	Adam	东南大学	3SE	2	0
2976	2025	东部赛区	4	A组第1轮	北京科技大学	Reborn	山东科技大学	SmartRobot	0	2
2977	2025	东部赛区	5	A组第1轮	东北大学	TDT	中国石油大学（北京）	SPR	2	0
2978	2025	东部赛区	6	A组第1轮	辽宁科技大学	COD	东华大学	DIODE	2	0
2979	2025	东部赛区	7	A组第1轮	浙江理工大学	钱塘蛟	华中科技大学	狼牙	0	2
2980	2025	东部赛区	8	A组第1轮	宁波工程学院	New Legends	吉林大学	TARS_Go	0	2
2981	2025	东部赛区	9	B组第1轮	哈尔滨工业大学（威海）	HERO	燕山大学	燕鹰	2	0
2982	2025	东部赛区	10	B组第1轮	中国矿业大学	CUBOT	青岛大学	未来	2	0
2983	2025	东部赛区	11	B组第1轮	同济大学	SuperPower	太原工业学院	火线	0	2
2984	2025	东部赛区	12	B组第1轮	西安理工大学	NEXT E	首都师范大学	PIE	0	2
2985	2025	东部赛区	13	B组第1轮	上海工程技术大学	木鸢Birdiebot	上海科技大学	Magician	2	0
2986	2025	东部赛区	14	B组第1轮	浙江纺织服装职业技术学院	RoboFuture	南京理工大学	Alliance	2	1
2987	2025	东部赛区	15	B组第1轮	天津大学	北洋机甲	南京航空航天大学	长空御风	0	2
2988	2025	东部赛区	16	B组第1轮	河北工业大学	山海机甲	江苏大学	Aurora	2	0
2989	2025	东部赛区	17	A组第2轮	山东科技大学	SmartRobot	大连理工大学	凌BUG	2	0
2990	2025	东部赛区	18	A组第2轮	山东理工大学	齐奇	华中科技大学	狼牙	1	2
2991	2025	东部赛区	19	A组第2轮	辽宁科技大学	COD	吉林大学	TARS_Go	0	2
2992	2025	东部赛区	20	A组第2轮	东北大学	TDT	齐鲁工业大学	Adam	2	0
2993	2025	东部赛区	21	A组第2轮	中国石油大学（北京）	SPR	东南大学	3SE	0	2
2994	2025	东部赛区	22	A组第2轮	东华大学	DIODE	宁波工程学院	New Legends	0	2
2995	2025	东部赛区	23	A组第2轮	中北大学	606	浙江理工大学	钱塘蛟	2	0
2996	2025	东部赛区	24	A组第2轮	北京科技大学	Reborn	北京理工大学	追梦	1	2
2997	2025	东部赛区	25	B组第2轮	中国矿业大学	CUBOT	浙江纺织服装职业技术学院	RoboFuture	2	0
2998	2025	东部赛区	26	B组第2轮	哈尔滨工业大学（威海）	HERO	太原工业学院	火线	0	2
2999	2025	东部赛区	27	B组第2轮	南京航空航天大学	长空御风	上海工程技术大学	木鸢Birdiebot	2	0
3000	2025	东部赛区	28	B组第2轮	首都师范大学	PIE	河北工业大学	山海机甲	2	1
3001	2025	东部赛区	29	B组第2轮	西安理工大学	NEXT E	江苏大学	Aurora	0	2
3002	2025	东部赛区	30	B组第2轮	天津大学	北洋机甲	上海科技大学	Magician	2	0
3003	2025	东部赛区	31	B组第2轮	燕山大学	燕鹰	同济大学	SuperPower	0	2
3004	2025	东部赛区	32	B组第2轮	青岛大学	未来	南京理工大学	Alliance	0	2
3005	2025	东部赛区	33	A组第3轮	吉林大学	TARS_Go	山东科技大学	SmartRobot	0	2
3006	2025	东部赛区	34	A组第3轮	华中科技大学	狼牙	东北大学	TDT	0	2
3007	2025	东部赛区	35	A组第3轮	大连理工大学	凌BUG	齐鲁工业大学	Adam	2	0
3008	2025	东部赛区	36	A组第3轮	辽宁科技大学	COD	山东理工大学	齐奇	2	0
3009	2025	东部赛区	37	A组第3轮	宁波工程学院	New Legends	中北大学	606	0	2
3010	2025	东部赛区	38	A组第3轮	北京理工大学	追梦	东南大学	3SE	0	2
3011	2025	东部赛区	39	A组第3轮	浙江理工大学	钱塘蛟	中国石油大学（北京）	SPR	0	2
3012	2025	东部赛区	40	A组第3轮	东华大学	DIODE	北京科技大学	Reborn	0	2
3013	2025	东部赛区	41	B组第3轮	太原工业学院	火线	南京航空航天大学	长空御风	2	1
3014	2025	东部赛区	42	B组第3轮	首都师范大学	PIE	中国矿业大学	CUBOT	2	0
3015	2025	东部赛区	43	B组第3轮	河北工业大学	山海机甲	浙江纺织服装职业技术学院	RoboFuture	0	2
3016	2025	东部赛区	44	B组第3轮	同济大学	SuperPower	天津大学	北洋机甲	2	0
3017	2025	东部赛区	45	B组第3轮	哈尔滨工业大学（威海）	HERO	上海工程技术大学	木鸢Birdiebot	2	0
3018	2025	东部赛区	46	B组第3轮	江苏大学	Aurora	南京理工大学	Alliance	1	2
3019	2025	东部赛区	47	B组第3轮	西安理工大学	NEXT E	青岛大学	未来	2	1
3020	2025	东部赛区	48	B组第3轮	燕山大学	燕鹰	上海科技大学	Magician	2	1
3021	2025	东部赛区	49	A组第4轮	大连理工大学	凌BUG	吉林大学	TARS_Go	0	2
3022	2025	东部赛区	50	A组第4轮	华中科技大学	狼牙	辽宁科技大学	COD	2	0
3023	2025	东部赛区	51	A组第4轮	东南大学	3SE	中北大学	606	2	0
3024	2025	东部赛区	52	A组第4轮	山东理工大学	齐奇	齐鲁工业大学	Adam	1	2
3025	2025	东部赛区	53	A组第4轮	中国石油大学（北京）	SPR	北京理工大学	追梦	2	1
3026	2025	东部赛区	54	A组第4轮	宁波工程学院	New Legends	北京科技大学	Reborn	0	2
3027	2025	东部赛区	55	B组第4轮	中国矿业大学	CUBOT	浙江纺织服装职业技术学院	RoboFuture	2	0
3028	2025	东部赛区	56	B组第4轮	南京航空航天大学	长空御风	同济大学	SuperPower	0	2
3029	2025	东部赛区	57	B组第4轮	哈尔滨工业大学（威海）	HERO	南京理工大学	Alliance	2	0
3030	2025	东部赛区	58	B组第4轮	天津大学	北洋机甲	河北工业大学	山海机甲	2	0
3031	2025	东部赛区	59	B组第4轮	西安理工大学	NEXT E	上海工程技术大学	木鸢Birdiebot	0	2
3032	2025	东部赛区	60	B组第4轮	燕山大学	燕鹰	江苏大学	Aurora	2	0
3033	2025	东部赛区	61	A组第5轮	齐鲁工业大学	Adam	大连理工大学	凌BUG	0	2
3034	2025	东部赛区	62	A组第5轮	中国石油大学（北京）	SPR	辽宁科技大学	COD	2	1
3035	2025	东部赛区	63	A组第5轮	中北大学	606	北京科技大学	Reborn	0	2
3036	2025	东部赛区	64	B组第5轮	南京航空航天大学	长空御风	浙江纺织服装职业技术学院	RoboFuture	2	0
3037	2025	东部赛区	65	B组第5轮	燕山大学	燕鹰	天津大学	北洋机甲	0	2
3038	2025	东部赛区	66	B组第5轮	上海工程技术大学	木鸢Birdiebot	南京理工大学	Alliance	0	2
3039	2025	东部赛区	67	16进8淘汰赛	太原工业学院	火线	北京科技大学	Reborn	2	0
3040	2025	东部赛区	68	16进8淘汰赛	中国矿业大学	CUBOT	华中科技大学	狼牙	2	1
3041	2025	东部赛区	69	16进8淘汰赛	中国石油大学（北京）	SPR	首都师范大学	PIE	2	0
3042	2025	东部赛区	70	16进8淘汰赛	吉林大学	TARS_Go	南京航空航天大学	长空御风	0	2
3043	2025	东部赛区	71	16进8淘汰赛	大连理工大学	凌BUG	同济大学	SuperPower	0	2
3044	2025	东部赛区	72	16进8淘汰赛	东北大学	TDT	天津大学	北洋机甲	2	0
3045	2025	东部赛区	73	16进8淘汰赛	哈尔滨工业大学（威海）	HERO	东南大学	3SE	2	1
3046	2025	东部赛区	74	16进8淘汰赛	南京理工大学	Alliance	山东科技大学	SmartRobot	1	2
3047	2025	东部赛区	75	8进4淘汰赛	太原工业学院	火线	中国矿业大学	CUBOT	2	0
3048	2025	东部赛区	76	8进4淘汰赛	南京航空航天大学	长空御风	中国石油大学（北京）	SPR	2	0
3049	2025	东部赛区	77	8进4淘汰赛	同济大学	SuperPower	东北大学	TDT	2	1
3050	2025	东部赛区	78	8进4淘汰赛	山东科技大学	SmartRobot	哈尔滨工业大学（威海）	HERO	0	2
3051	2025	东部赛区	79	全国赛名额争夺（9-16名）	北京科技大学	Reborn	华中科技大学	狼牙	0	2
3052	2025	东部赛区	80	全国赛名额争夺（9-16名）	吉林大学	TARS_Go	首都师范大学	PIE	2	0
3053	2025	东部赛区	81	全国赛名额争夺（9-16名）	大连理工大学	凌BUG	天津大学	北洋机甲	1	2
3054	2025	东部赛区	82	全国赛名额争夺（9-16名）	南京理工大学	Alliance	东南大学	3SE	0	2
3055	2025	东部赛区	83	半决赛	太原工业学院	火线	同济大学	SuperPower	1	2
3056	2025	东部赛区	84	半决赛	南京航空航天大学	长空御风	哈尔滨工业大学（威海）	HERO	1	2
3057	2025	东部赛区	85	全国赛名额争夺（9-12名）	华中科技大学	狼牙	天津大学	北洋机甲	0	2
3058	2025	东部赛区	86	全国赛名额争夺（9-12名）	吉林大学	TARS_Go	东南大学	3SE	2	1
3059	2025	东部赛区	87	复活赛名额争夺（13-16名）	北京科技大学	Reborn	大连理工大学	凌BUG	0	2
3060	2025	东部赛区	88	复活赛名额争夺（13-16名）	首都师范大学	PIE	南京理工大学	Alliance	2	1
3061	2025	东部赛区	89	季军争夺战	太原工业学院	火线	南京航空航天大学	长空御风	3	0
3062	2025	东部赛区	90	全国赛名额争夺（9-10名）	天津大学	北洋机甲	吉林大学	TARS_Go	0	2
3063	2025	东部赛区	91	冠军争夺战	同济大学	SuperPower	哈尔滨工业大学（威海）	HERO	3	0
3064	2025	复活赛第一赛段	1	A组第1轮	武汉工程大学	Nautilus	首都师范大学	PIE	2	0
3065	2025	复活赛第一赛段	2	A组第1轮	四川大学	火锅	东北林业大学	Ares	2	0
3066	2025	复活赛第一赛段	3	A组第1轮	华东理工大学	起源	华中科技大学	狼牙	2	0
3067	2025	复活赛第一赛段	4	A组第1轮	桂林信息科技学院	GIRT	西安交通大学	笃行	0	2
3068	2025	复活赛第一赛段	5	B组第1轮	东南大学	3SE	大连理工大学	凌BUG	2	0
3069	2025	复活赛第一赛段	6	B组第1轮	天津大学	北洋机甲	厦门大学嘉庚学院	TCR	2	0
3070	2025	复活赛第一赛段	7	B组第1轮	北京理工大学（珠海）	毅恒	华北科技学院	风暴	0	2
3071	2025	复活赛第一赛段	8	B组第1轮	哈尔滨工业大学（深圳）	南工骁鹰	南昌大学	Passion	1	2
3072	2025	复活赛第一赛段	9	A组第2轮	西安交通大学	笃行	武汉工程大学	Nautilus	2	0
3073	2025	复活赛第一赛段	10	A组第2轮	华东理工大学	起源	四川大学	火锅	1	2
3074	2025	复活赛第一赛段	11	A组第2轮	华中科技大学	狼牙	东北林业大学	Ares	0	2
3075	2025	复活赛第一赛段	12	A组第2轮	桂林信息科技学院	GIRT	首都师范大学	PIE	0	2
3076	2025	复活赛第一赛段	13	B组第2轮	天津大学	北洋机甲	南昌大学	Passion	0	2
3077	2025	复活赛第一赛段	14	B组第2轮	东南大学	3SE	华北科技学院	风暴	2	0
3078	2025	复活赛第一赛段	15	B组第2轮	大连理工大学	凌BUG	北京理工大学（珠海）	毅恒	2	1
3079	2025	复活赛第一赛段	16	B组第2轮	厦门大学嘉庚学院	TCR	哈尔滨工业大学（深圳）	南工骁鹰	0	2
3080	2025	复活赛第一赛段	17	A组第3轮	四川大学	火锅	西安交通大学	笃行	0	2
3081	2025	复活赛第一赛段	18	A组第3轮	武汉工程大学	Nautilus	东北林业大学	Ares	2	0
3082	2025	复活赛第一赛段	19	A组第3轮	首都师范大学	PIE	华东理工大学	起源	0	2
3083	2025	复活赛第一赛段	20	B组第3轮	东南大学	3SE	南昌大学	Passion	2	0
3084	2025	复活赛第一赛段	21	B组第3轮	大连理工大学	凌BUG	华北科技学院	风暴	2	0
3085	2025	复活赛第一赛段	22	B组第3轮	哈尔滨工业大学（深圳）	南工骁鹰	天津大学	北洋机甲	2	1
3086	2025	复活赛第二赛段	23	C组第1轮	四川大学	火锅	大连理工大学	凌BUG	0	2
3087	2025	复活赛第二赛段	24	C组第1轮	南昌大学	Passion	武汉工程大学	Nautilus	0	2
3088	2025	复活赛第二赛段	25	C组第1轮	哈尔滨工业大学（深圳）	南工骁鹰	新潟联合大学	Phoenix Robots	2	0
3089	2025	复活赛第二赛段	26	C组第1轮	香港科技大学	ENTERPRIZE	华东理工大学	起源	0	2
3090	2025	复活赛第二赛段	27	C组第2轮	武汉工程大学	Nautilus	华东理工大学	起源	2	1
3091	2025	复活赛第二赛段	28	C组第2轮	哈尔滨工业大学（深圳）	南工骁鹰	大连理工大学	凌BUG	0	2
3092	2025	复活赛第二赛段	29	C组第2轮	新潟联合大学	Phoenix Robots	四川大学	火锅	0	2
3093	2025	复活赛第二赛段	30	C组第2轮	南昌大学	Passion	香港科技大学	ENTERPRIZE	1	2
3094	2025	复活赛第二赛段	31	C组第3轮	武汉工程大学	Nautilus	大连理工大学	凌BUG	0	2
3095	2025	复活赛第二赛段	32	C组第3轮	四川大学	火锅	华东理工大学	起源	0	2
3096	2025	复活赛第二赛段	33	C组第3轮	哈尔滨工业大学（深圳）	南工骁鹰	香港科技大学	ENTERPRIZE	2	0
3097	2025	复活赛第二赛段	34	淘汰赛	哈尔滨工业大学（深圳）	南工骁鹰	华东理工大学	起源	0	2
3098	2025	复活赛第二赛段	35	淘汰赛	武汉工程大学	Nautilus	华东理工大学	起源	2	1
3099	2025	全国赛	1	A组第1轮	华南理工大学	华南虎	东南大学	3SE	0	2
3100	2025	全国赛	2	A组第1轮	中国科学技术大学	RoboWalker	中国矿业大学	CUBOT	2	0
3101	2025	全国赛	3	A组第1轮	武汉工程大学	Nautilus	西北工业大学	WMJ	2	0
3102	2025	全国赛	4	A组第1轮	大连理工大学	凌BUG	深圳大学	RobotPilots	2	0
3103	2025	全国赛	5	A组第1轮	南京航空航天大学金城学院	Born of Fire	西安交通大学	笃行	0	2
3104	2025	全国赛	6	A组第1轮	哈尔滨工业大学	I Hiter	五邑大学	IMCA	2	0
3105	2025	全国赛	7	A组第1轮	电子科技大学中山学院	RoboBraver	中国石油大学（华东）	RPS	1	2
3106	2025	全国赛	8	A组第1轮	佛山大学	醒狮	东北大学	TDT	0	2
3107	2025	全国赛	9	B组第1轮	北方工业大学	DreamTeam	同济大学	SuperPower	1	2
3108	2025	全国赛	10	B组第1轮	中南大学	FYT	哈尔滨工业大学（威海）	HERO	2	0
3109	2025	全国赛	11	B组第1轮	华南农业大学	Taurus	哈尔滨工程大学	创梦之翼	2	0
3110	2025	全国赛	12	B组第1轮	太原工业学院	火线	中国石油大学（北京）	SPR	2	0
3111	2025	全国赛	13	B组第1轮	太原理工大学	TRoMaC	南方科技大学	ARTINX	2	1
3112	2025	全国赛	14	B组第1轮	吉林大学	TARS_Go	南京航空航天大学	长空御风	0	2
3113	2025	全国赛	15	B组第1轮	浙江大学	Hello World	广东工业大学	DynamicX	1	2
3114	2025	全国赛	16	B组第1轮	上海交通大学	交龙	山东科技大学	SmartRobot	2	0
3115	2025	全国赛	17	A组第2轮	中国石油大学（华东）	RPS	大连理工大学	凌BUG	2	0
3116	2025	全国赛	18	A组第2轮	东北大学	TDT	武汉工程大学	Nautilus	2	0
3117	2025	全国赛	19	A组第2轮	哈尔滨工业大学	I Hiter	西安交通大学	笃行	2	0
3118	2025	全国赛	20	A组第2轮	东南大学	3SE	中国科学技术大学	RoboWalker	1	2
3119	2025	全国赛	21	A组第2轮	华南理工大学	华南虎	中国矿业大学	CUBOT	2	0
3120	2025	全国赛	22	A组第2轮	五邑大学	IMCA	南京航空航天大学金城学院	Born of Fire	0	2
3121	2025	全国赛	23	A组第2轮	佛山大学	醒狮	西北工业大学	WMJ	0	2
3122	2025	全国赛	24	A组第2轮	电子科技大学中山学院	RoboBraver	深圳大学	RobotPilots	0	2
3123	2025	全国赛	25	B组第2轮	同济大学	SuperPower	太原理工大学	TRoMaC	2	1
3124	2025	全国赛	26	B组第2轮	南京航空航天大学	长空御风	广东工业大学	DynamicX	0	2
3125	2025	全国赛	27	B组第2轮	华南农业大学	Taurus	中南大学	FYT	2	0
3126	2025	全国赛	28	B组第2轮	太原工业学院	火线	上海交通大学	交龙	0	2
3127	2025	全国赛	29	B组第2轮	中国石油大学（北京）	SPR	山东科技大学	SmartRobot	0	2
3128	2025	全国赛	30	B组第2轮	哈尔滨工程大学	创梦之翼	哈尔滨工业大学（威海）	HERO	2	1
3129	2025	全国赛	31	B组第2轮	吉林大学	TARS_Go	浙江大学	Hello World	0	2
3130	2025	全国赛	32	B组第2轮	北方工业大学	DreamTeam	南方科技大学	ARTINX	0	2
3131	2025	全国赛	33	A组第3轮	中国科学技术大学	RoboWalker	中国石油大学（华东）	RPS	1	2
3132	2025	全国赛	34	A组第3轮	东北大学	TDT	哈尔滨工业大学	I Hiter	2	0
3133	2025	全国赛	35	A组第3轮	武汉工程大学	Nautilus	西安交通大学	笃行	1	2
3134	2025	全国赛	36	A组第3轮	东南大学	3SE	大连理工大学	凌BUG	0	2
3135	2025	全国赛	37	A组第3轮	华南理工大学	华南虎	深圳大学	RobotPilots	2	0
3136	2025	全国赛	38	A组第3轮	西北工业大学	WMJ	南京航空航天大学金城学院	Born of Fire	0	2
3137	2025	全国赛	39	A组第3轮	佛山大学	醒狮	五邑大学	IMCA	0	2
3138	2025	全国赛	40	A组第3轮	中国矿业大学	CUBOT	电子科技大学中山学院	RoboBraver	0	2
3139	2025	全国赛	41	B组第3轮	上海交通大学	交龙	广东工业大学	DynamicX	2	0
3140	2025	全国赛	42	B组第3轮	同济大学	SuperPower	华南农业大学	Taurus	2	1
3141	2025	全国赛	43	B组第3轮	太原理工大学	TRoMaC	中南大学	FYT	2	0
3142	2025	全国赛	44	B组第3轮	哈尔滨工程大学	创梦之翼	太原工业学院	火线	0	2
3143	2025	全国赛	45	B组第3轮	南京航空航天大学	长空御风	山东科技大学	SmartRobot	2	0
3144	2025	全国赛	46	B组第3轮	南方科技大学	ARTINX	浙江大学	Hello World	0	2
3145	2025	全国赛	47	B组第3轮	北方工业大学	DreamTeam	吉林大学	TARS_Go	2	0
3146	2025	全国赛	48	B组第3轮	中国石油大学（北京）	SPR	哈尔滨工业大学（威海）	HERO	1	2
3147	2025	全国赛	49	A组第4轮	哈尔滨工业大学	I Hiter	西安交通大学	笃行	2	1
3148	2025	全国赛	50	A组第4轮	中国科学技术大学	RoboWalker	大连理工大学	凌BUG	2	0
3149	2025	全国赛	51	A组第4轮	华南理工大学	华南虎	南京航空航天大学金城学院	Born of Fire	2	0
3150	2025	全国赛	52	A组第4轮	东南大学	3SE	武汉工程大学	Nautilus	2	0
3151	2025	全国赛	53	A组第4轮	深圳大学	RobotPilots	五邑大学	IMCA	2	0
3152	2025	全国赛	54	A组第4轮	西北工业大学	WMJ	电子科技大学中山学院	RoboBraver	0	2
3153	2025	全国赛	55	B组第4轮	太原理工大学	TRoMaC	广东工业大学	DynamicX	1	2
3154	2025	全国赛	56	B组第4轮	太原工业学院	火线	华南农业大学	Taurus	2	0
3155	2025	全国赛	57	B组第4轮	浙江大学	Hello World	南京航空航天大学	长空御风	2	0
3156	2025	全国赛	58	B组第4轮	中南大学	FYT	南方科技大学	ARTINX	0	2
3157	2025	全国赛	59	B组第4轮	哈尔滨工程大学	创梦之翼	山东科技大学	SmartRobot	0	2
3158	2025	全国赛	60	B组第4轮	北方工业大学	DreamTeam	哈尔滨工业大学（威海）	HERO	0	2
3159	2025	全国赛	61	A组第5轮	大连理工大学	凌BUG	电子科技大学中山学院	RoboBraver	2	0
3160	2025	全国赛	62	A组第5轮	南京航空航天大学金城学院	Born of Fire	东南大学	3SE	0	2
3161	2025	全国赛	63	A组第5轮	深圳大学	RobotPilots	西安交通大学	笃行	2	1
3162	2025	全国赛	64	B组第5轮	哈尔滨工业大学（威海）	HERO	太原理工大学	TRoMaC	1	2
3163	2025	全国赛	65	B组第5轮	南京航空航天大学	长空御风	山东科技大学	SmartRobot	2	1
3164	2025	全国赛	66	B组第5轮	华南农业大学	Taurus	南方科技大学	ARTINX	2	0
3165	2025	全国赛	67	16进8淘汰赛	上海交通大学	交龙	深圳大学	RobotPilots	2	0
3166	2025	全国赛	68	16进8淘汰赛	浙江大学	Hello World	哈尔滨工业大学	I Hiter	1	2
3167	2025	全国赛	69	16进8淘汰赛	东南大学	3SE	同济大学	SuperPower	2	1
3168	2025	全国赛	70	16进8淘汰赛	中国科学技术大学	RoboWalker	南京航空航天大学	长空御风	2	1
3169	2025	全国赛	71	16进8淘汰赛	大连理工大学	凌BUG	广东工业大学	DynamicX	0	2
3170	2025	全国赛	72	16进8淘汰赛	东北大学	TDT	太原理工大学	TRoMaC	2	0
3171	2025	全国赛	73	16进8淘汰赛	太原工业学院	火线	华南理工大学	华南虎	1	2
3172	2025	全国赛	74	16进8淘汰赛	华南农业大学	Taurus	中国石油大学（华东）	RPS	2	0
3173	2025	全国赛	75	16进8败者组第一轮	深圳大学	RobotPilots	浙江大学	Hello World	0	2
3174	2025	全国赛	76	16进8败者组第一轮	南京航空航天大学	长空御风	同济大学	SuperPower	0	2
3175	2025	全国赛	77	16进8败者组第一轮	大连理工大学	凌BUG	太原理工大学	TRoMaC	2	0
3176	2025	全国赛	78	16进8败者组第一轮	中国石油大学（华东）	RPS	太原工业学院	火线	2	0
3177	2025	全国赛	79	16进8胜者组	上海交通大学	交龙	哈尔滨工业大学	I Hiter	2	0
3178	2025	全国赛	80	16进8胜者组	中国科学技术大学	RoboWalker	东南大学	3SE	2	0
3179	2025	全国赛	81	16进8胜者组	广东工业大学	DynamicX	东北大学	TDT	0	2
3180	2025	全国赛	82	16进8胜者组	华南农业大学	Taurus	华南理工大学	华南虎	1	2
3181	2025	全国赛	83	16进8败者组第二轮	中国石油大学（华东）	RPS	哈尔滨工业大学	I Hiter	2	1
3182	2025	全国赛	84	16进8败者组第二轮	大连理工大学	凌BUG	东南大学	3SE	2	0
3183	2025	全国赛	85	16进8败者组第二轮	广东工业大学	DynamicX	同济大学	SuperPower	1	2
3184	2025	全国赛	86	16进8败者组第二轮	华南农业大学	Taurus	浙江大学	Hello World	0	2
3185	2025	全国赛	87	8进4胜者组	上海交通大学	交龙	东北大学	TDT	0	2
3186	2025	全国赛	88	8进4胜者组	中国科学技术大学	RoboWalker	华南理工大学	华南虎	0	2
3187	2025	全国赛	89	8 进 4 败者组第一轮	中国石油大学（华东）	RPS	同济大学	SuperPower	2	1
3188	2025	全国赛	90	8 进 4 败者组第一轮	大连理工大学	凌BUG	浙江大学	Hello World	2	0
3189	2025	全国赛	91	8 进 4 败者组第二轮	上海交通大学	交龙	中国石油大学（华东）	RPS	2	0
3190	2025	全国赛	92	8 进 4 败者组第二轮	中国科学技术大学	RoboWalker	大连理工大学	凌BUG	2	0
3191	2025	全国赛	93	半决赛	上海交通大学	交龙	东北大学	TDT	2	0
3192	2025	全国赛	94	半决赛	华南理工大学	华南虎	中国科学技术大学	RoboWalker	0	2
3193	2025	全国赛	95	季军争夺战	东北大学	TDT	华南理工大学	华南虎	0	3
3194	2025	全国赛	96	冠军争夺战	上海交通大学	交龙	中国科学技术大学	RoboWalker	3	0
3195	2025	全国赛	97	全明星赛	创新者	INNOVATOR	缔造者	CREATOR	1	1
3196	2026	南部赛区	1	A组第1轮	华南农业大学	Taurus	重庆理工大学	士继DREAMER	1	2
3197	2026	南部赛区	2	A组第1轮	国防科技大学	军临	厦门大学嘉庚学院	TCR	0	2
3198	2026	南部赛区	3	A组第1轮	仲恺农业工程学院	奇点	华南理工大学	华南虎	2	1
3199	2026	南部赛区	4	A组第1轮	武汉大学	珞珈狐	桂林信息科技学院	GIRT	1	2
3200	2026	南部赛区	5	A组第1轮	电子科技大学中山学院	RoboBraver	长沙理工大学	云嵌	2	0
3201	2026	南部赛区	6	A组第1轮	武汉工程大学	Nautilus	华南师范大学（佛山校区）	VANGUARD	0	2
3202	2026	南部赛区	7	A组第1轮	广州航海学院	ICBK破冰船	上海交通大学	交龙	0	2
3203	2026	南部赛区	8	A组第1轮	厦门理工学院	PFA	桂林电子科技大学	Evolution	0	2
3204	2026	南部赛区	9	B组第1轮	桂林理工大学	群星	太原理工大学	TRoMaC	2	0
3205	2026	南部赛区	10	B组第1轮	东莞理工学院	ACE	华中科技大学	狼牙	2	0
3206	2026	南部赛区	11	B组第1轮	五邑大学	IMCA	深圳技术大学	悍匠	2	0
3207	2026	南部赛区	12	B组第1轮	广州城市理工学院	野狼	湘潭大学	逐曦	2	0
3208	2026	南部赛区	13	B组第1轮	武汉科技大学	崇实	深圳大学	RobotPilots	0	2
3209	2026	南部赛区	14	B组第1轮	南华大学	MA	南昌大学	Passion	2	0
3210	2026	南部赛区	15	B组第1轮	广东工业大学	DynamicX	西交利物浦大学	GMaster	2	0
3211	2026	南部赛区	16	B组第1轮	中南大学	FYT	厦门大学	RCS	2	1
3212	2026	南部赛区	17	A组第2轮	仲恺农业工程学院	奇点	桂林信息科技学院	GIRT	2	0
3213	2026	南部赛区	18	A组第2轮	重庆理工大学	士继DREAMER	电子科技大学中山学院	RoboBraver	0	2
3214	2026	南部赛区	19	A组第2轮	厦门大学嘉庚学院	TCR	桂林电子科技大学	Evolution	2	1
3215	2026	南部赛区	20	A组第2轮	上海交通大学	交龙	华南师范大学（佛山校区）	VANGUARD	2	0
3216	2026	南部赛区	21	A组第2轮	武汉工程大学	Nautilus	广州航海学院	ICBK破冰船	2	1
3217	2026	南部赛区	22	A组第2轮	国防科技大学	军临	厦门理工学院	PFA	0	2
3218	2026	南部赛区	23	A组第2轮	华南农业大学	Taurus	长沙理工大学	云嵌	2	0
3219	2026	南部赛区	24	A组第2轮	华南理工大学	华南虎	武汉大学	珞珈狐	2	0
3220	2026	南部赛区	25	B组第2轮	五邑大学	IMCA	中南大学	FYT	2	0
3221	2026	南部赛区	26	B组第2轮	东莞理工学院	ACE	桂林理工大学	群星	2	0
3222	2026	南部赛区	27	B组第2轮	广东工业大学	DynamicX	广州城市理工学院	野狼	1	2
3223	2026	南部赛区	28	B组第2轮	深圳大学	RobotPilots	南华大学	MA	2	1
3224	2026	南部赛区	29	B组第2轮	武汉科技大学	崇实	南昌大学	Passion	2	1
3225	2026	南部赛区	30	B组第2轮	西交利物浦大学	GMaster	湘潭大学	逐曦	2	1
3226	2026	南部赛区	31	B组第2轮	华中科技大学	狼牙	太原理工大学	TRoMaC	2	0
3227	2026	南部赛区	32	B组第2轮	深圳技术大学	悍匠	厦门大学	RCS	2	0
3228	2026	南部赛区	33	A组第3轮	仲恺农业工程学院	奇点	厦门大学嘉庚学院	TCR	2	0
3229	2026	南部赛区	34	A组第3轮	上海交通大学	交龙	电子科技大学中山学院	RoboBraver	2	0
3230	2026	南部赛区	35	A组第3轮	华南师范大学（佛山校区）	VANGUARD	重庆理工大学	士继DREAMER	0	2
3231	2026	南部赛区	36	A组第3轮	华南理工大学	华南虎	桂林电子科技大学	Evolution	1	2
3232	2026	南部赛区	37	A组第3轮	桂林信息科技学院	GIRT	武汉工程大学	Nautilus	0	2
3233	2026	南部赛区	38	A组第3轮	厦门理工学院	PFA	华南农业大学	Taurus	0	2
3234	2026	南部赛区	39	A组第3轮	广州航海学院	ICBK破冰船	长沙理工大学	云嵌	2	0
3235	2026	南部赛区	40	A组第3轮	武汉大学	珞珈狐	国防科技大学	军临	2	1
3236	2026	南部赛区	41	B组第3轮	深圳大学	RobotPilots	东莞理工学院	ACE	2	0
3237	2026	南部赛区	42	B组第3轮	广州城市理工学院	野狼	五邑大学	IMCA	0	2
3238	2026	南部赛区	43	B组第3轮	广东工业大学	DynamicX	中南大学	FYT	2	0
3239	2026	南部赛区	44	B组第3轮	深圳技术大学	悍匠	桂林理工大学	群星	2	1
3240	2026	南部赛区	45	B组第3轮	南华大学	MA	武汉科技大学	崇实	2	0
3241	2026	南部赛区	46	B组第3轮	西交利物浦大学	GMaster	华中科技大学	狼牙	0	2
3242	2026	南部赛区	47	B组第3轮	湘潭大学	逐曦	南昌大学	Passion	0	2
3243	2026	南部赛区	48	B组第3轮	太原理工大学	TRoMaC	厦门大学	RCS	2	0
3244	2026	南部赛区	49	A组第4轮	重庆理工大学	士继DREAMER	厦门大学嘉庚学院	TCR	0	2
3245	2026	南部赛区	50	A组第4轮	桂林电子科技大学	Evolution	电子科技大学中山学院	RoboBraver	0	2
3246	2026	南部赛区	51	A组第4轮	华南农业大学	Taurus	武汉工程大学	Nautilus	2	1
3247	2026	南部赛区	52	A组第4轮	华南师范大学（佛山校区）	VANGUARD	华南理工大学	华南虎	0	2
3248	2026	南部赛区	53	A组第4轮	桂林信息科技学院	GIRT	广州航海学院	ICBK破冰船	2	0
3249	2026	南部赛区	54	A组第4轮	武汉大学	珞珈狐	厦门理工学院	PFA	0	2
3250	2026	南部赛区	55	B组第4轮	广州城市理工学院	野狼	东莞理工学院	ACE	2	1
3251	2026	南部赛区	56	B组第4轮	南华大学	MA	深圳技术大学	悍匠	0	2
3252	2026	南部赛区	57	B组第4轮	华中科技大学	狼牙	广东工业大学	DynamicX	2	1
3253	2026	南部赛区	58	B组第4轮	中南大学	FYT	武汉科技大学	崇实	2	0
3254	2026	南部赛区	59	B组第4轮	西交利物浦大学	GMaster	桂林理工大学	群星	2	0
3255	2026	南部赛区	60	B组第4轮	太原理工大学	TRoMaC	南昌大学	Passion	1	2
3256	2026	南部赛区	61	A组第5轮	桂林电子科技大学	Evolution	厦门理工学院	PFA	2	1
3257	2026	南部赛区	62	A组第5轮	武汉工程大学	Nautilus	重庆理工大学	士继DREAMER	2	0
3258	2026	南部赛区	63	A组第5轮	桂林信息科技学院	GIRT	华南理工大学	华南虎	0	2
3259	2026	南部赛区	64	B组第5轮	南昌大学	Passion	东莞理工学院	ACE	0	2
3260	2026	南部赛区	65	B组第5轮	南华大学	MA	西交利物浦大学	GMaster	2	0
3261	2026	南部赛区	66	B组第5轮	中南大学	FYT	广东工业大学	DynamicX	1	2
3262	2026	南部赛区	67	16进8淘汰赛	五邑大学	IMCA	武汉工程大学	Nautilus	2	0
3263	2026	南部赛区	68	16进8淘汰赛	华中科技大学	狼牙	电子科技大学中山学院	RoboBraver	1	2
3264	2026	南部赛区	69	16进8淘汰赛	华南理工大学	华南虎	深圳大学	RobotPilots	2	0
3265	2026	南部赛区	70	16进8淘汰赛	厦门大学嘉庚学院	TCR	东莞理工学院	ACE	0	2
3266	2026	南部赛区	71	16进8淘汰赛	桂林电子科技大学	Evolution	广州城市理工学院	野狼	0	2
3267	2026	南部赛区	72	16进8淘汰赛	上海交通大学	交龙	广东工业大学	DynamicX	2	1
3268	2026	南部赛区	73	16进8淘汰赛	深圳技术大学	悍匠	华南农业大学	Taurus	1	2
3269	2026	南部赛区	74	16进8淘汰赛	南华大学	MA	仲恺农业工程学院	奇点	1	2
3270	2026	南部赛区	75	8进4淘汰赛	五邑大学	IMCA	电子科技大学中山学院	RoboBraver	2	0
3271	2026	南部赛区	76	8进4淘汰赛	东莞理工学院	ACE	华南理工大学	华南虎	2	1
3272	2026	南部赛区	77	8进4淘汰赛	广州城市理工学院	野狼	上海交通大学	交龙	2	0
3273	2026	南部赛区	78	8进4淘汰赛	仲恺农业工程学院	奇点	华南农业大学	Taurus	0	2
3274	2026	南部赛区	79	全国赛名额争夺	武汉工程大学	Nautilus	华中科技大学	狼牙	2	0
3275	2026	南部赛区	80	全国赛名额争夺	厦门大学嘉庚学院	TCR	深圳大学	RobotPilots	0	2
3276	2026	南部赛区	81	全国赛名额争夺	桂林电子科技大学	Evolution	广东工业大学	DynamicX	0	2
3277	2026	南部赛区	82	全国赛名额争夺	南华大学	MA	深圳技术大学	悍匠	2	1
3278	2026	南部赛区	83	半决赛	五邑大学	IMCA	广州城市理工学院	野狼	2	0
3279	2026	南部赛区	84	半决赛	东莞理工学院	ACE	华南农业大学	Taurus	0	2
3280	2026	南部赛区	85	全国赛名额争夺	武汉工程大学	Nautilus	广东工业大学	DynamicX	2	0
3281	2026	南部赛区	86	全国赛名额争夺	深圳大学	RobotPilots	南华大学	MA	2	0
3282	2026	南部赛区	87	季军争夺战	广州城市理工学院	野狼	东莞理工学院	ACE	3	1
3283	2026	南部赛区	88	冠军争夺战	五邑大学	IMCA	华南农业大学	Taurus	0	3
3284	2026	东部赛区	1	A组第1轮	南京航空航天大学金城学院	Born of Fire	西南交通大学	Helios	1	2
3285	2026	东部赛区	2	A组第1轮	南京理工大学	Alliance	广西大学	ROBOTZ	2	0
3286	2026	东部赛区	3	A组第1轮	福建理工大学	苍侠	中国石油大学（华东）	RPS	0	2
3287	2026	东部赛区	4	A组第1轮	江苏大学	Aurora	中国石油大学（北京）	SPR	2	0
3288	2026	东部赛区	5	A组第1轮	中国科学技术大学	RoboWalker	青岛大学	未来	0	2
3289	2026	东部赛区	6	A组第1轮	齐鲁工业大学	Adam	太原科技大学	NewMaker	2	0
3290	2026	东部赛区	7	A组第1轮	华东理工大学	起源	中国矿业大学	CUBOT	2	0
3291	2026	东部赛区	8	A组第1轮	上海大学	SRM	首都师范大学	PIE	1	2
3292	2026	东部赛区	9	B组第1轮	安徽信息工程学院	Artisans	浙江大学	Hello World	0	2
3293	2026	东部赛区	10	B组第1轮	杭州电子科技大学	PHOENIX	哈尔滨工业大学（深圳）	南工骁鹰	0	2
3294	2026	东部赛区	11	B组第1轮	山东科技大学	SmartRobot	福建师范大学	PKA	2	0
3295	2026	东部赛区	12	B组第1轮	合肥工业大学	苍穹	江南大学霞客湾校区	SHARK	1	2
3296	2026	东部赛区	13	B组第1轮	中北大学	606	南方科技大学	ARTINX	1	2
3297	2026	东部赛区	14	B组第1轮	南京理工大学江阴校区	Combat	上海工程技术大学	木鸢Birdiebot	0	2
3298	2026	东部赛区	15	B组第1轮	东南大学	3SE	成都大学	Ultra	2	0
3299	2026	东部赛区	16	B组第1轮	北京理工大学（珠海）	毅恒	合肥工业大学（宣城校区）	WDR	0	2
3300	2026	东部赛区	17	A组第2轮	首都师范大学	PIE	西南交通大学	Helios	2	0
3301	2026	东部赛区	18	A组第2轮	华东理工大学	起源	中国石油大学（华东）	RPS	0	2
3302	2026	东部赛区	19	A组第2轮	齐鲁工业大学	Adam	青岛大学	未来	0	2
3303	2026	东部赛区	20	A组第2轮	南京理工大学	Alliance	江苏大学	Aurora	2	0
3304	2026	东部赛区	21	A组第2轮	中国科学技术大学	RoboWalker	中国石油大学（北京）	SPR	2	0
3305	2026	东部赛区	22	A组第2轮	太原科技大学	NewMaker	广西大学	ROBOTZ	2	0
3306	2026	东部赛区	23	A组第2轮	中国矿业大学	CUBOT	福建理工大学	苍侠	2	0
3307	2026	东部赛区	24	A组第2轮	上海大学	SRM	南京航空航天大学金城学院	Born of Fire	0	2
3308	2026	东部赛区	25	B组第2轮	江南大学霞客湾校区	SHARK	南方科技大学	ARTINX	2	0
3309	2026	东部赛区	26	B组第2轮	山东科技大学	SmartRobot	哈尔滨工业大学（深圳）	南工骁鹰	2	1
3310	2026	东部赛区	27	B组第2轮	浙江大学	Hello World	东南大学	3SE	2	0
3311	2026	东部赛区	28	B组第2轮	合肥工业大学（宣城校区）	WDR	上海工程技术大学	木鸢Birdiebot	2	0
3312	2026	东部赛区	29	B组第2轮	北京理工大学（珠海）	毅恒	南京理工大学江阴校区	Combat	2	0
3313	2026	东部赛区	30	B组第2轮	安徽信息工程学院	Artisans	成都大学	Ultra	2	1
3314	2026	东部赛区	31	B组第2轮	福建师范大学	PKA	杭州电子科技大学	PHOENIX	2	0
3315	2026	东部赛区	32	B组第2轮	合肥工业大学	苍穹	中北大学	606	2	1
3316	2026	东部赛区	33	A组第3轮	青岛大学	未来	中国石油大学（华东）	RPS	0	2
3317	2026	东部赛区	34	A组第3轮	南京理工大学	Alliance	首都师范大学	PIE	2	0
3318	2026	东部赛区	35	A组第3轮	齐鲁工业大学	Adam	华东理工大学	起源	0	2
3319	2026	东部赛区	36	A组第3轮	中国科学技术大学	RoboWalker	西南交通大学	Helios	2	0
3320	2026	东部赛区	37	A组第3轮	江苏大学	Aurora	太原科技大学	NewMaker	0	2
3321	2026	东部赛区	38	A组第3轮	南京航空航天大学金城学院	Born of Fire	中国矿业大学	CUBOT	2	0
3322	2026	东部赛区	39	A组第3轮	广西大学	ROBOTZ	上海大学	SRM	0	2
3323	2026	东部赛区	40	A组第3轮	中国石油大学（北京）	SPR	福建理工大学	苍侠	2	0
3324	2026	东部赛区	41	B组第3轮	合肥工业大学（宣城校区）	WDR	山东科技大学	SmartRobot	0	2
3325	2026	东部赛区	42	B组第3轮	江南大学霞客湾校区	SHARK	浙江大学	Hello World	0	2
3326	2026	东部赛区	43	B组第3轮	南方科技大学	ARTINX	合肥工业大学	苍穹	2	1
3327	2026	东部赛区	44	B组第3轮	东南大学	3SE	安徽信息工程学院	Artisans	1	2
3328	2026	东部赛区	45	B组第3轮	上海工程技术大学	木鸢Birdiebot	北京理工大学（珠海）	毅恒	0	2
3329	2026	东部赛区	46	B组第3轮	福建师范大学	PKA	哈尔滨工业大学（深圳）	南工骁鹰	0	2
3330	2026	东部赛区	47	B组第3轮	杭州电子科技大学	PHOENIX	南京理工大学江阴校区	Combat	0	2
3331	2026	东部赛区	48	B组第3轮	成都大学	Ultra	中北大学	606	2	1
3332	2026	东部赛区	49	A组第4轮	青岛大学	未来	华东理工大学	起源	0	2
3333	2026	东部赛区	50	A组第4轮	中国科学技术大学	RoboWalker	首都师范大学	PIE	2	0
3334	2026	东部赛区	51	A组第4轮	太原科技大学	NewMaker	南京航空航天大学金城学院	Born of Fire	1	2
3335	2026	东部赛区	52	A组第4轮	齐鲁工业大学	Adam	江苏大学	Aurora	0	2
3336	2026	东部赛区	53	A组第4轮	西南交通大学	Helios	中国矿业大学	CUBOT	1	2
3337	2026	东部赛区	54	A组第4轮	中国石油大学（北京）	SPR	上海大学	SRM	0	2
3338	2026	东部赛区	55	B组第4轮	江南大学霞客湾校区	SHARK	合肥工业大学（宣城校区）	WDR	1	2
3339	2026	东部赛区	56	B组第4轮	安徽信息工程学院	Artisans	北京理工大学（珠海）	毅恒	0	2
3340	2026	东部赛区	57	B组第4轮	哈尔滨工业大学（深圳）	南工骁鹰	南方科技大学	ARTINX	2	1
3341	2026	东部赛区	58	B组第4轮	上海工程技术大学	木鸢Birdiebot	东南大学	3SE	0	2
3342	2026	东部赛区	59	B组第4轮	合肥工业大学	苍穹	福建师范大学	PKA	2	0
3343	2026	东部赛区	60	B组第4轮	成都大学	Ultra	南京理工大学江阴校区	Combat	0	2
3344	2026	东部赛区	61	A组第5轮	青岛大学	未来	上海大学	SRM	2	0
3345	2026	东部赛区	62	A组第5轮	太原科技大学	NewMaker	首都师范大学	PIE	2	0
3346	2026	东部赛区	63	A组第5轮	江苏大学	Aurora	中国矿业大学	CUBOT	0	2
3347	2026	东部赛区	64	B组第5轮	南京理工大学江阴校区	Combat	江南大学霞客湾校区	SHARK	0	2
3348	2026	东部赛区	65	B组第5轮	安徽信息工程学院	Artisans	合肥工业大学	苍穹	1	2
3349	2026	东部赛区	66	B组第5轮	东南大学	3SE	南方科技大学	ARTINX	1	2
3350	2026	东部赛区	67	16进8淘汰赛	山东科技大学	SmartRobot	太原科技大学	NewMaker	2	0
3351	2026	东部赛区	68	16进8淘汰赛	北京理工大学（珠海）	毅恒	南京航空航天大学金城学院	Born of Fire	2	0
3352	2026	东部赛区	69	16进8淘汰赛	中国矿业大学	CUBOT	浙江大学	Hello World	0	2
3353	2026	东部赛区	70	16进8淘汰赛	华东理工大学	起源	江南大学霞客湾校区	SHARK	2	1
3354	2026	东部赛区	71	16进8淘汰赛	青岛大学	未来	合肥工业大学（宣城校区）	WDR	0	2
3355	2026	东部赛区	72	16进8淘汰赛	南京理工大学	Alliance	南方科技大学	ARTINX	2	0
3356	2026	东部赛区	73	16进8淘汰赛	哈尔滨工业大学（深圳）	南工骁鹰	中国科学技术大学	RoboWalker	2	1
3357	2026	东部赛区	74	16进8淘汰赛	合肥工业大学	苍穹	中国石油大学（华东）	RPS	0	2
3358	2026	东部赛区	75	8进4淘汰赛	山东科技大学	SmartRobot	北京理工大学（珠海）	毅恒	2	0
3359	2026	东部赛区	76	8进4淘汰赛	华东理工大学	起源	浙江大学	Hello World	0	2
3360	2026	东部赛区	77	8进4淘汰赛	合肥工业大学（宣城校区）	WDR	南京理工大学	Alliance	2	1
3361	2026	东部赛区	78	8进4淘汰赛	中国石油大学（华东）	RPS	哈尔滨工业大学（深圳）	南工骁鹰	2	0
3362	2026	东部赛区	79	复活赛名额争夺	太原科技大学	NewMaker	南京航空航天大学金城学院	Born of Fire	1	2
3363	2026	东部赛区	80	复活赛名额争夺	江南大学霞客湾校区	SHARK	中国矿业大学	CUBOT	1	2
3364	2026	东部赛区	81	复活赛名额争夺	青岛大学	未来	南方科技大学	ARTINX	1	2
3365	2026	东部赛区	82	复活赛名额争夺	合肥工业大学	苍穹	中国科学技术大学	RoboWalker	0	2
3366	2026	东部赛区	83	半决赛	山东科技大学	SmartRobot	合肥工业大学（宣城校区）	WDR	2	0
3367	2026	东部赛区	84	半决赛	浙江大学	Hello World	中国石油大学（华东）	RPS	0	2
3368	2026	东部赛区	85	复活赛名额争夺	太原科技大学	NewMaker	青岛大学	未来	2	0
3369	2026	东部赛区	86	复活赛名额争夺	江南大学霞客湾校区	SHARK	合肥工业大学	苍穹	2	1
3370	2026	东部赛区	87	季军争夺战	合肥工业大学（宣城校区）	WDR	浙江大学	Hello World	3	1
3371	2026	东部赛区	88	冠军争夺战	山东科技大学	SmartRobot	中国石油大学（华东）	RPS	1	3
3372	2026	北部赛区	1	A组第1轮	哈尔滨工业大学（威海）	HERO	常州大学	Climber	2	0
3373	2026	北部赛区	2	A组第1轮	北方工业大学	DreamTeam	华北理工大学	Horizon	0	2
3374	2026	北部赛区	3	A组第1轮	北京信息科技大学	星辰	哈尔滨工业大学	I Hiter	1	2
3375	2026	北部赛区	4	A组第1轮	山东理工大学	齐奇	西北工业大学	WMJ	1	2
3376	2026	北部赛区	5	A组第1轮	西安交通大学	笃行	香港科技大学（广州）	PnX	2	0
3377	2026	北部赛区	6	A组第1轮	天津大学	北洋机甲	华南师范大学	PIONEER	0	2
3378	2026	北部赛区	7	A组第1轮	辽宁石油化工大学	TCN	太原工业学院	火线	0	2
3379	2026	北部赛区	8	A组第1轮	长安大学	VGD	西安电子科技大学	IRobot	0	2
3380	2026	北部赛区	9	B组第1轮	内蒙古科技大学	雷霆	东北大学	TDT	0	2
3381	2026	北部赛区	10	B组第1轮	成都信息工程大学	风信子	北京理工大学	追梦	0	2
3382	2026	北部赛区	11	B组第1轮	大连理工大学	凌BUG	沈阳理工大学	Ambition	0	2
3383	2026	北部赛区	12	B组第1轮	应急管理大学	风暴	香港科技大学	ENTERPRIZE	2	0
3384	2026	北部赛区	13	B组第1轮	香港大学	HerKules	哈尔滨工程大学	创梦之翼	0	2
3385	2026	北部赛区	14	B组第1轮	东北大学秦皇岛分校	征龙凌沧	四川大学	火锅	2	1
3386	2026	北部赛区	15	B组第1轮	吉林大学	TARS Go	复旦大学	星云EGA	2	0
3387	2026	北部赛区	16	B组第1轮	同济大学	SuperPower	河北科技大学	Actor&Thinker	2	0
3388	2026	北部赛区	17	A组第2轮	西北工业大学	WMJ	哈尔滨工业大学	I Hiter	2	0
3389	2026	北部赛区	18	A组第2轮	西安交通大学	笃行	哈尔滨工业大学（威海）	HERO	2	0
3390	2026	北部赛区	19	A组第2轮	华南师范大学	PIONEER	太原工业学院	火线	0	2
3391	2026	北部赛区	20	A组第2轮	西安电子科技大学	IRobot	华北理工大学	Horizon	2	0
3392	2026	北部赛区	21	A组第2轮	天津大学	北洋机甲	北方工业大学	DreamTeam	2	0
3393	2026	北部赛区	22	A组第2轮	长安大学	VGD	辽宁石油化工大学	TCN	2	0
3394	2026	北部赛区	23	A组第2轮	香港科技大学（广州）	PnX	常州大学	Climber	2	1
3395	2026	北部赛区	24	A组第2轮	山东理工大学	齐奇	北京信息科技大学	星辰	2	0
3396	2026	北部赛区	25	B组第2轮	东北大学	TDT	东北大学秦皇岛分校	征龙凌沧	2	0
3397	2026	北部赛区	26	B组第2轮	沈阳理工大学	Ambition	同济大学	SuperPower	0	2
3398	2026	北部赛区	27	B组第2轮	吉林大学	TARS Go	北京理工大学	追梦	1	2
3399	2026	北部赛区	28	B组第2轮	哈尔滨工程大学	创梦之翼	应急管理大学	风暴	0	2
3400	2026	北部赛区	29	B组第2轮	香港大学	HerKules	香港科技大学	ENTERPRIZE	0	2
3401	2026	北部赛区	30	B组第2轮	复旦大学	星云EGA	成都信息工程大学	风信子	2	0
3402	2026	北部赛区	31	B组第2轮	大连理工大学	凌BUG	河北科技大学	Actor&Thinker	2	0
3403	2026	北部赛区	32	B组第2轮	内蒙古科技大学	雷霆	四川大学	火锅	0	2
3404	2026	北部赛区	33	A组第3轮	西北工业大学	WMJ	西安电子科技大学	IRobot	0	2
3405	2026	北部赛区	34	A组第3轮	西安交通大学	笃行	太原工业学院	火线	2	0
3406	2026	北部赛区	35	A组第3轮	哈尔滨工业大学（威海）	HERO	华南师范大学	PIONEER	2	0
3407	2026	北部赛区	36	A组第3轮	长安大学	VGD	香港科技大学（广州）	PnX	2	1
3408	2026	北部赛区	37	A组第3轮	山东理工大学	齐奇	华北理工大学	Horizon	2	0
3409	2026	北部赛区	38	A组第3轮	哈尔滨工业大学	I Hiter	天津大学	北洋机甲	2	0
3410	2026	北部赛区	39	A组第3轮	北京信息科技大学	星辰	辽宁石油化工大学	TCN	2	0
3411	2026	北部赛区	40	A组第3轮	常州大学	Climber	北方工业大学	DreamTeam	2	0
3412	2026	北部赛区	41	B组第3轮	北京理工大学	追梦	应急管理大学	风暴	2	0
3413	2026	北部赛区	42	B组第3轮	东北大学	TDT	同济大学	SuperPower	0	2
3414	2026	北部赛区	43	B组第3轮	东北大学秦皇岛分校	征龙凌沧	沈阳理工大学	Ambition	0	2
3415	2026	北部赛区	44	B组第3轮	吉林大学	TARS Go	香港科技大学	ENTERPRIZE	1	2
3416	2026	北部赛区	45	B组第3轮	复旦大学	星云EGA	哈尔滨工程大学	创梦之翼	2	1
3417	2026	北部赛区	46	B组第3轮	四川大学	火锅	大连理工大学	凌BUG	0	2
3418	2026	北部赛区	47	B组第3轮	内蒙古科技大学	雷霆	河北科技大学	Actor&Thinker	0	2
3419	2026	北部赛区	48	B组第3轮	成都信息工程大学	风信子	香港大学	HerKules	1	2
3420	2026	北部赛区	49	A组第4轮	西北工业大学	WMJ	哈尔滨工业大学（威海）	HERO	2	1
3421	2026	北部赛区	50	A组第4轮	长安大学	VGD	山东理工大学	齐奇	1	2
3422	2026	北部赛区	51	A组第4轮	太原工业学院	火线	哈尔滨工业大学	I Hiter	0	2
3423	2026	北部赛区	52	A组第4轮	香港科技大学（广州）	PnX	华北理工大学	Horizon	0	2
3424	2026	北部赛区	53	A组第4轮	华南师范大学	PIONEER	北京信息科技大学	星辰	2	0
3425	2026	北部赛区	54	A组第4轮	天津大学	北洋机甲	常州大学	Climber	2	1
3426	2026	北部赛区	55	B组第4轮	沈阳理工大学	Ambition	应急管理大学	风暴	0	2
3427	2026	北部赛区	56	B组第4轮	香港科技大学	ENTERPRIZE	大连理工大学	凌BUG	2	0
3428	2026	北部赛区	57	B组第4轮	东北大学	TDT	复旦大学	星云EGA	2	0
3429	2026	北部赛区	58	B组第4轮	东北大学秦皇岛分校	征龙凌沧	吉林大学	TARS Go	2	1
3430	2026	北部赛区	59	B组第4轮	哈尔滨工程大学	创梦之翼	河北科技大学	Actor&Thinker	1	2
3431	2026	北部赛区	60	B组第4轮	香港大学	HerKules	四川大学	火锅	1	2
3432	2026	北部赛区	61	A组第5轮	哈尔滨工业大学（威海）	HERO	天津大学	北洋机甲	2	0
3433	2026	北部赛区	62	A组第5轮	华南师范大学	PIONEER	太原工业学院	火线	2	0
3434	2026	北部赛区	63	A组第5轮	长安大学	VGD	华北理工大学	Horizon	2	1
3435	2026	北部赛区	64	B组第5轮	四川大学	火锅	沈阳理工大学	Ambition	0	2
3436	2026	北部赛区	65	B组第5轮	东北大学秦皇岛分校	征龙凌沧	复旦大学	星云EGA	0	2
3437	2026	北部赛区	66	B组第5轮	河北科技大学	Actor&Thinker	大连理工大学	凌BUG	0	2
3438	2026	北部赛区	67	16进8淘汰赛	同济大学	SuperPower	华南师范大学	PIONEER	2	0
3439	2026	北部赛区	68	16进8淘汰赛	东北大学	TDT	山东理工大学	齐奇	2	0
3440	2026	北部赛区	69	16进8淘汰赛	长安大学	VGD	北京理工大学	追梦	0	2
3441	2026	北部赛区	70	16进8淘汰赛	西北工业大学	WMJ	沈阳理工大学	Ambition	2	0
3442	2026	北部赛区	71	16进8淘汰赛	哈尔滨工业大学（威海）	HERO	应急管理大学	风暴	2	0
3443	2026	北部赛区	72	16进8淘汰赛	西安交通大学	笃行	大连理工大学	凌BUG	2	0
3444	2026	北部赛区	73	16进8淘汰赛	香港科技大学	ENTERPRIZE	哈尔滨工业大学	I Hiter	0	2
3445	2026	北部赛区	74	16进8淘汰赛	复旦大学	星云EGA	西安电子科技大学	IRobot	2	1
3446	2026	北部赛区	75	8进4淘汰赛	同济大学	SuperPower	东北大学	TDT	0	2
3447	2026	北部赛区	76	8进4淘汰赛	西北工业大学	WMJ	北京理工大学	追梦	2	1
3448	2026	北部赛区	77	8进4淘汰赛	哈尔滨工业大学（威海）	HERO	西安交通大学	笃行	2	1
3449	2026	北部赛区	78	8进4淘汰赛	复旦大学	星云EGA	哈尔滨工业大学	I Hiter	1	2
3450	2026	北部赛区	79	全国赛名额争夺	华南师范大学	PIONEER	山东理工大学	齐奇	1	2
3451	2026	北部赛区	80	全国赛名额争夺	沈阳理工大学	Ambition	长安大学	VGD	1	2
3452	2026	北部赛区	81	全国赛名额争夺	应急管理大学	风暴	大连理工大学	凌BUG	0	2
3453	2026	北部赛区	82	全国赛名额争夺	西安电子科技大学	IRobot	香港科技大学	ENTERPRIZE	2	0
3454	2026	北部赛区	83	半决赛	东北大学	TDT	哈尔滨工业大学（威海）	HERO	2	0
3455	2026	北部赛区	84	半决赛	西北工业大学	WMJ	哈尔滨工业大学	I Hiter	1	2
3456	2026	北部赛区	85	全国赛名额争夺	山东理工大学	齐奇	大连理工大学	凌BUG	0	2
3457	2026	北部赛区	86	全国赛名额争夺	长安大学	VGD	西安电子科技大学	IRobot	2	0
3458	2026	北部赛区	87	复活赛名额争夺	华南师范大学	PIONEER	应急管理大学	风暴	0	2
3459	2026	北部赛区	88	复活赛名额争夺	沈阳理工大学	Ambition	香港科技大学	ENTERPRIZE	2	0
3460	2026	北部赛区	89	季军争夺战	哈尔滨工业大学（威海）	HERO	西北工业大学	WMJ	3	0
3461	2026	北部赛区	90	冠军争夺战	东北大学	TDT	哈尔滨工业大学	I Hiter	3	1
